name	A[C>A]A	A[C>A]C	A[C>A]G	A[C>A]T	A[C>G]A	A[C>G]C	A[C>G]G	A[C>G]T	A[C>T]A	A[C>T]C	A[C>T]G	A[C>T]T	A[T>A]A	A[T>A]C	A[T>A]G	A[T>A]T	A[T>C]A	A[T>C]C	A[T>C]G	A[T>C]T	A[T>G]A	A[T>G]C	A[T>G]G	A[T>G]T	C[C>A]A	C[C>A]C	C[C>A]G	C[C>A]T	C[C>G]A	C[C>G]C	C[C>G]G	C[C>G]T	C[C>T]A	C[C>T]C	C[C>T]G	C[C>T]T	C[T>A]A	C[T>A]C	C[T>A]G	C[T>A]T	C[T>C]A	C[T>C]C	C[T>C]G	C[T>C]T	C[T>G]A	C[T>G]C	C[T>G]G	C[T>G]T	G[C>A]A	G[C>A]C	G[C>A]G	G[C>A]T	G[C>G]A	G[C>G]C	G[C>G]G	G[C>G]T	G[C>T]A	G[C>T]C	G[C>T]G	G[C>T]T	G[T>A]A	G[T>A]C	G[T>A]G	G[T>A]T	G[T>C]A	G[T>C]C	G[T>C]G	G[T>C]T	G[T>G]A	G[T>G]C	G[T>G]G	G[T>G]T	T[C>A]A	T[C>A]C	T[C>A]G	T[C>A]T	T[C>G]A	T[C>G]C	T[C>G]G	T[C>G]T	T[C>T]A	T[C>T]C	T[C>T]G	T[C>T]T	T[T>A]A	T[T>A]C	T[T>A]G	T[T>A]T	T[T>C]A	T[T>C]C	T[T>C]G	T[T>C]T	T[T>G]A	T[T>G]C	T[T>G]G	T[T>G]T
COSMIC 1	0.011098326	0.009149341	0.00149007	0.006233885	0.001801068	0.002580909	0.000592548	0.002963986	0.029514533	0.014322747	0.171646931	0.012623763	0.00402152	0.002371144	0.00281091	0.008360909	0.013915773	0.006274961	0.010137636	0.009256316	0.001587636	0.001784091	0.001385831	0.003158539	0.00659587	0.007342368	0.00089284	0.007186582	0.001284983	0.000702135	0.00050629	0.001381543	0.020896447	0.018501705	0.095577217	0.017113308	0.001182587	0.001903167	0.001487961	0.002179344	0.004176675	0.005252593	0.007013225	0.006713813	0.000302691	0.002098502	0.001599549	0.002758538	0.008232604	0.005758021	0.000616335	0.00445908	0.000602123	0.002393352	2.49E-07	0.000890081	0.024943814	0.027161494	0.103570762	0.017689854	0.000689289	0.00055241	0.001200229	0.002107137	0.011247835	0.006999724	0.004977593	0.010667406	9.90E-05	0.000202366	0.001188353	0.000800723	0.012250064	0.011162229	0.002275496	0.015259102	0.001874853	0.002067419	0.000304897	0.003151574	0.0144921	0.017680775	0.076002222	0.013761704	0.005600155	0.001999079	0.001090066	0.003981023	0.008073616	0.004857381	0.008325454	0.006257106	0.001397554	0.001291737	0.002031077	0.004030128
COSMIC 2	0.000682708	0.000619107	9.93E-05	0.000323891	0.000263481	0.000269866	0.000219234	0.000610973	0.007441557	0.002726312	0.003322083	0.003326528	1.32E-07	0.00011307	0.000532929	0.000149111	0.00130351	0.000425577	0.000575473	0.001488164	3.37E-05	2.48E-05	0.000273454	0.000217695	0.000677445	0.000213681	6.77E-06	0.000416333	2.78E-05	0.000279644	1.92E-05	0.000312782	0.015019507	0.003516918	0.004979276	0.008956553	0.000154599	0.000464019	0.00023041	0.000574886	0.000546619	0.000392333	0.000362025	0.0005609	0.000113785	2.21E-05	0.000228246	6.71E-05	0.000352013	0.000133817	0.000178442	0.000122832	4.48E-05	1.45E-05	4.07E-05	0.000268429	0.006390808	0.001995817	0.000303021	0.003265818	0.000114994	0.000293862	8.87E-05	0.000215755	4.67E-06	0.000186066	4.95E-07	0.000578598	9.56E-05	4.70E-05	0.000109926	8.65E-05	0.015127428	0.006532492	0.001656455	0.012394611	0.037241853	1.94E-05	0.001625465	0.0668799	0.4199414	0.081972496	0.047720186	0.228674918	8.08E-05	4.80E-06	6.66E-05	0.000276316	0.000101932	0.000470344	0.000192354	0.00058533	7.17E-05	1.43E-05	0.000206615	2.36E-05
COSMIC 3	0.022172307	0.017871675	0.00213834	0.016265146	0.024002615	0.012160304	0.005275419	0.023277656	0.017872171	0.008896034	0.003572708	0.014797612	0.008428564	0.007373097	0.0073573	0.008753939	0.013035709	0.00918629	0.01171692	0.016978871	0.002351368	0.001464231	0.009053778	0.007030976	0.018781726	0.015760458	0.00196339	0.014722861	0.016832572	0.013531442	0.004176458	0.02404639	0.014395059	0.008544781	0.003518466	0.016075546	0.00757132	0.012725464	0.011508562	0.016456178	0.007895013	0.01443117	0.008422972	0.01193243	0.001974181	0.005824296	0.010464655	0.008724387	0.00969654	0.010843341	0.000929141	0.012215383	0.011916845	0.009823653	0.001671054	0.017914334	0.016127273	0.008208632	0.001212923	0.010611649	0.004434783	0.005615432	0.008070136	0.008679122	0.006850056	0.006260749	0.006098763	0.007509344	0.004144488	0.004501985	0.016391453	0.007067237	0.011653225	0.016606775	0.001357239	0.016328076	0.016041405	0.02014992	0.002527911	0.032673641	0.008880209	0.013529573	0.001705409	0.010304417	0.007132681	0.009102798	0.006565863	0.014712135	0.009115495	0.010953791	0.006113033	0.010774336	0.005427184	0.00616025	0.011076526	0.013000984
COSMIC 4	0.0365	0.0309	0.0183	0.0243	0.0097	0.0054	0.0031	0.0054	0.012	0.0075	0.0028	0.0059	0.0048	0.0039	0.01	0.003	0.0084	0.002	0.0081	0.0036	0	0.0002	0.0015	0.0002	0.0461	0.0614	0.0088	0.0432	0.0105	0.0097	0.0063	0.0094	0.021	0.0144	0.0076	0.0201	0.0075	0.0111	0.0342	0.0115	0.0052	0.0026	0.01	0.0054	0	0.0013	0.0046	0.0012	0.0376	0.0399	0.0227	0.0258	0.007	0.0091	0.0062	0.006	0.0087	0.008	0.0023	0.0082	0.0069	0.0052	0.0133	0.0045	0.0061	0.0016	0.0042	0.0024	0	0	0.0018	0.0002	0.033	0.0538	0.0104	0.037	0.0032	0.0105	0.0031	0.005	0.0035	0.007	0.0011	0.0077	0.0045	0.0046	0.0082	0.0045	0.0028	0.0016	0.0036	0.0022	0	0.0003	0.003	0.0011
COSMIC 5	0.014941548	0.008960918	0.002207846	0.009206905	0.011671022	0.007292089	0.002303839	0.011696246	0.021839188	0.012756106	0.016760177	0.016477955	0.008902904	0.007399202	0.011508051	0.011193623	0.035366735	0.013771102	0.028449052	0.027302974	0.003462152	0.002246593	0.005490217	0.003821227	0.009674904	0.004952301	0.002800627	0.011013466	0.007537523	0.007633227	0.00261376	0.009417098	0.022769209	0.017509476	0.012862238	0.020429513	0.005043164	0.006208844	0.010507569	0.009784641	0.01423863	0.0124895	0.018741631	0.019054083	0.002041649	0.003478502	0.007147456	0.011486812	0.011892169	0.009247857	0.002809188	0.010301267	0.005559423	0.005388801	0.00110059	0.006041248	0.020038259	0.018022312	0.013193818	0.019502915	0.006740388	0.004021596	0.006814352	0.005101033	0.016294983	0.009574561	0.014103929	0.015666875	0.001627665	0.000327735	0.00594888	0.003307467	0.014774016	0.012043465	0.003902362	0.018243396	0.002681057	0.007924048	0.001319076	0.006644596	0.01099756	0.020644965	0.00753449	0.011787462	0.009205637	0.006835344	0.007144209	0.01024085	0.017059641	0.014195709	0.012596502	0.017375139	0.005202874	0.005131608	0.006055254	0.013369936
COSMIC 6	0.0017	0.0028	0.0005	0.0019	0.0013	0.0012	0	0.0018	0.0312	0.0163	0.0908	0.0149	0.0006	0.0033	0	0.0053	0.0075	0.0056	0.0217	0.0023	0	0.0017	0.0007	0.0029	0.0101	0.0241	0.0091	0.0571	0	0	0	0.0002	0.0085	0.0099	0.0901	0.0087	0.0001	0.0026	0.0008	0.0011	0.0062	0.004	0.027	0.0033	0.0001	0.004	0.005	0.0086	0.0024	0.0058	0.0021	0.0087	0	0.003	0	0.0017	0.0653	0.0773	0.1339	0.0524	0	0.0028	0.0006	0.0021	0.0122	0.0059	0.0115	0.0042	0	0.0016	0.001	0.0035	0.0017	0.0029	0.0011	0.0058	0	0.0002	0	0.0001	0.0074	0.0067	0.0391	0.0047	0.0002	0.0008	0	0.0007	0.0059	0.0035	0.0106	0.0029	0.0009	0.0019	0.0011	0.0072
COSMIC 7	0.0004	0.0005	0	0.0004	0	0	0	0.0001	0	0.0197	0.0001	0.0043	0.001	0.0008	0.0009	0.0035	0.0005	0.0001	0.0007	0.0011	0	0	0.0009	0	0.0012	0.0006	0	0.0013	0.0001	0.0004	0.0006	0.0003	0.0754	0.1007	0.0208	0.0788	0	0.0014	0.0007	0.0018	0.001	0.0008	0.001	0.0045	0	0.0008	0.0009	0.0013	0.0003	0.0001	0	0.0001	0	0.0004	0	0	0	0.021	0.0002	0.0161	0	0	0.0006	0.001	0.0002	0.0001	0.0003	0.0081	0	0	0.0017	0.0009	0.001	0.002	0.0002	0.0013	0.0002	0.001	0.0003	0.0007	0.1202	0.2887	0.0992	0.0844	0.001	0.0015	0.001	0.005	0.0023	0.0018	0.0019	0.0024	0	0.001	0.001	0.0014
COSMIC 8	0.036718004	0.033245722	0.002525311	0.03359855	0.008356845	0.00430638	0.000584415	0.008634907	0.018066687	0.005650015	0.019265105	0.020805967	0.013365083	0.012431202	0.014036657	0.024109917	0.01620651	0.007787803	0.009852584	0.021829464	0.004219719	0.000793671	0.0068658	0.002939922	0.031723757	0.025505407	0.001159624	0.028791173	0.006619077	0.006077703	0.000656033	0.007805027	0.00486581	0.00398015	0.008338639	0.018843627	0.012024218	0.017881092	0.016356775	0.026247802	0.005173842	0.010936894	0.005657774	0.011120389	0.002424051	0.002096211	0.006604046	0.004866714	0.023682329	0.015821896	0.000850914	0.021061236	0.003724568	0.003046597	0.000321213	0.005775664	0.002261263	0.001616649	0.011606712	0.006284929	0.008139179	0.00791008	0.009057263	0.017812239	0.005720779	0.005181052	0.005040707	0.00848822	0.000974579	0.000524822	0.006087753	0.005427434	0.027032383	0.018089773	0.001694875	0.038141331	0.004117879	0.00379965	2.57E-05	0.006247554	0.007180669	0.004061033	0.005535122	0.01220907	0.015139996	0.012093555	0.008362547	0.027653296	0.004901072	0.006081011	0.001712485	0.010003442	0.001743221	0.002549838	0.006030395	0.007223999
COSMIC 9	0.012	0.0067	0.0005	0.0068	0.0048	0.0023	0	0.0038	0.0093	0.0056	0.0125	0.0076	0.0121	0.0042	0.0068	0.0185	0.0252	0.0105	0.0176	0.0247	0.0335	0.0051	0.0052	0.0193	0.0098	0.0057	0	0.0091	0.0018	0.002	0	0.0039	0.0098	0.0069	0.0076	0.0097	0.0055	0.0049	0.0051	0.0069	0.0154	0.0118	0.0154	0.0275	0.0216	0.0064	0.0126	0.0509	0.0118	0.0092	0	0.0085	0.0011	0.0029	0	0.0044	0.0062	0.0069	0.0088	0.0101	0.003	0.0029	0.0028	0.0036	0.0091	0.0097	0.0094	0.0126	0.0072	0.0006	0.005	0.0185	0.0222	0.0043	0	0.0322	0.0033	0.0025	0	0.0049	0.005	0.0084	0.0047	0.0096	0.0215	0.0027	0.014	0.0139	0.0156	0.0137	0.0098	0.0309	0.0502	0.0081	0.0088	0.0545
COSMIC 10	0.0007	0.001	0.0003	0.0092	0.0005	0.0003	0	0.0002	0	0.0032	0.0126	0.0047	0	0.0002	0	0.0012	0.0031	0.0052	0.0026	0.004	0	0.004	0.0015	0.0137	0.0031	0.0009	0.0007	0.016	0	0	0	0	0.0012	0.0024	0.0109	0.0043	0	0.0001	0.0003	0.0009	0.0005	0.0019	0.0015	0.002	0.0022	0.0018	0.0037	0.0182	0.0014	0.0022	0.0002	0.0088	0	0.0002	0	0.0004	0	0.0134	0.027	0.0152	0	0.0001	0	0.0004	0.0064	0.0101	0.0054	0.0124	0	0.002	0.0009	0.003	0.0374	0.0103	0.0031	0.3083	0	0	0	0.0001	0.0037	0.0211	0.2141	0.0392	0	0.0008	0	0.0028	0.003	0.0097	0.0065	0.0099	0.005	0.0092	0.0022	0.0633
COSMIC 11	0.0002	0.001	0	0.0002	0.0007	0.0003	0	0.0009	0.0225	0.1099	0.0072	0.0639	0.0002	0.0001	0.0007	0.0003	0.0006	0.0015	0.0008	0.0003	0	0	0.0001	0	0.0007	0.0017	0.001	0.0014	0	0.0002	0.0008	0.0002	0.031	0.1518	0.0135	0.0816	0.0004	0.0011	0.0006	0.0004	0.0001	0.0004	0.0001	0.0009	0	0.0001	0.0011	0.0009	0.0004	0.001	0	0.0006	0	0.0002	0	0	0.0261	0.0975	0.009	0.0522	0.0003	0.0003	0.0004	0.0001	0.001	0.0016	0.0019	0.0023	0	0	0.001	0	0.0009	0.0025	0.0001	0.0004	0.0001	0.0011	0.0003	0.0008	0.0302	0.1589	0.008	0.0954	0.0003	0	0	0.0008	0.0002	0.0009	0.0007	0.0005	0	0	0.0003	0.0003
COSMIC 12	0.0077	0.0047	0.0017	0.0046	0.0031	0.0015	0	0.0025	0.0121	0.0054	0.0019	0.0067	0.0058	0.0065	0.0046	0.006	0.0466	0.0317	0.0487	0.025	0.0012	0.001	0.0018	0.003	0.0135	0.0112	0.0028	0.0071	0.0019	0.0019	0	0.0019	0.0187	0.0094	0.0046	0.0205	0.0017	0.0086	0.0031	0.0054	0.0312	0.0385	0.0415	0.0324	0.0013	0.0049	0.0045	0.0063	0.0062	0.0056	0.0015	0.0027	0.0012	0.0011	0	0.0009	0.0124	0.0092	0.0023	0.0115	0.0015	0.0039	0.0019	0.0031	0.0573	0.0274	0.041	0.0405	0	0.0004	0.0011	0.0032	0.0066	0.0099	0.0019	0.0049	0.0024	0.0027	0	0.0015	0.0138	0.0095	0.001	0.009	0.0057	0.0132	0.0037	0.0094	0.05	0.0342	0.032	0.0371	0.0019	0.0027	0.0011	0.0032
COSMIC 13	0.000334757	0.000648736	3.81E-05	0.000846658	0.003775165	0.000920825	1.99E-05	0.003860632	0.001480181	4.05E-05	0.000316595	0	0.001243618	0.001060002	0.000102554	0.000971812	0.000549454	0.000145507	0.000279178	0.000267461	0.0003862	0.000112383	3.60E-05	0.000192494	0.00171009	0.001159257	0.000244167	0.001256768	0.005333651	0.000912303	0.000285467	0.006383098	0.003647278	0.001004229	0.000129202	0.00061177	0.000285159	0.000222287	0.000286952	8.00E-07	4.28E-05	4.33E-05	5.43E-05	7.64E-07	1.51E-05	0.000147625	4.60E-05	0.000463715	0.00013211	0.000754244	9.68E-05	0.000551104	0.00134942	0.000788808	8.18E-05	0.002680123	0.002934138	0.002515171	0.003205265	0.001687731	0.00013796	0.000252867	0.000153517	0.000122746	0.001054081	0.0005299	0.000630096	0.000676188	1.85E-05	9.34E-05	1.06E-05	5.37E-05	0.048166048	0.017329557	0.002293157	0.018634582	0.280234947	0.063885287	0.009528486	0.330225482	0.113842093	0.015024839	0.006102098	0.028140661	0.000403261	0.000771813	0.000245194	0.000160346	0.000784056	0.000132975	3.74E-05	0.000179703	0.000546582	0.000235347	4.79E-07	0.000670588
COSMIC 14	0.0001	0.0042	0.0005	0.0296	0.0001	0	0	0.0001	0.0293	0.0321	0.0496	0.0277	0	0.0008	0	0.0009	0.0026	0.0046	0.0035	0.0025	0	0.002	0.0007	0.0056	0.0056	0.0102	0.0009	0.1257	0	0	0	0	0.006	0.0167	0.0293	0.0186	0	0.0034	0.0002	0.002	0.0006	0.0053	0.0016	0.0027	0	0.002	0.0005	0.0063	0.0018	0.0114	0.0011	0.0736	0.0002	0.0001	0	0.0003	0.0557	0.0618	0.0978	0.0555	0	0.0025	0	0.0009	0.0078	0.0127	0.0082	0.0086	0	0.0019	0.0012	0.0038	0.0005	0.0166	0	0.0516	0	0	0	0.0001	0.0092	0.0283	0.0094	0.0229	0	0.0016	0	0.0012	0.0018	0.0056	0.0034	0.0026	0	0.0015	0.0002	0.0025
COSMIC 15	0.0013	0.004	0	0.0057	0.0011	0.0001	0.0006	0.001	0.0117	0.0169	0.0309	0.0066	0.0021	0.009	0.0009	0.0079	0.0115	0.0073	0.0073	0.0063	0	0.0006	0.0012	0.0029	0.0106	0.0084	0.0015	0.0228	0.0009	0.0003	0.0004	0.0017	0.0051	0.0088	0.0155	0.0096	0.0016	0.0043	0.0027	0.0007	0.0032	0.005	0.0128	0.0035	0	0.0019	0.0007	0.0045	0.0024	0.0099	0.0013	0.0309	0.0022	0.0005	0.0006	0.0018	0.0476	0.1345	0.1829	0.08	0	0.0038	0.0026	0.0043	0.0195	0.0499	0.0154	0.0094	0	0.0022	0.0037	0.019	0.0057	0.0062	0.0025	0.0145	0.0009	0.0026	0	0.0015	0.0112	0.0156	0.0104	0.0076	0.0008	0.0019	0.0006	0.0003	0.0068	0.0099	0.0039	0.0047	0	0.0004	0.0009	0.0033
COSMIC 16	0.0161	0.0097	0.0022	0.0088	0.0048	0.0024	0	0.0073	0.0135	0.0076	0.0035	0.0101	0.0081	0.0073	0.008	0.0084	0.0717	0.0171	0.0348	0.0497	0.0052	0.0042	0.0061	0.0076	0.0159	0.01	0.0022	0.0084	0.004	0.005	0.0028	0.008	0.021	0.0098	0.0016	0.0211	0.0054	0.0128	0.013	0.0096	0.0146	0.0194	0.019	0.0263	0.0002	0.0082	0.0067	0.0186	0.0096	0.0094	0.0036	0.0063	0.0031	0.0032	0	0.0029	0.0125	0.0092	0.0009	0.0116	0.003	0.004	0.0051	0.0033	0.0161	0.0099	0.0148	0.0142	0	0.0032	0.0008	0.0044	0.0122	0.0145	0.004	0.0157	0.005	0.0064	0	0.0169	0.0172	0.0131	0.0036	0.0193	0.0085	0.0087	0.0063	0.008	0.0246	0.0183	0.0165	0.0174	0.0068	0.0069	0.0049	0.0163
COSMIC 17	0.001832019	0.000342236	1.58E-06	0.003179665	0.001661704	0.001626898	2.58E-05	0.001328508	0.009350488	0.004224289	0.009229213	0.005735961	0.000613002	0.001878587	0.00108735	0.002045494	0.002697314	0.00807815	0.004432871	0.00314037	5.31E-05	0.006468661	0.003481549	0.030926375	0.00103243	0.00042188	0.000297463	3.15E-05	0.001924979	0.000709368	3.52E-06	0.000953776	0.021265206	0.003847235	0.013176112	0.009648025	3.01E-05	0.010223748	0.004467036	0.031244883	0.007427	0.039657001	0.028609696	0.101869658	9.15E-05	0.019814294	0.013449838	0.261456614	0.006535405	0.001293804	0.001283663	0.003103767	0.001296324	0.000260761	4.38E-06	0.001820393	0.002068755	0.000325483	0.007511101	0.000925697	8.55E-06	0.002573467	0.003538823	0.00387901	1.14E-05	0.009657713	0.004654129	0.008149235	3.92E-05	0.009078462	0.004782775	0.063497757	0.001824558	0.001286518	0.002172942	0.005012316	0.000392685	0.000655602	1.36E-05	0.00285238	0.016100785	0.016779984	0.016272096	0.019827418	0.000698812	0.002579359	2.11E-05	0.003883131	0.001708587	0.011074152	0.005932003	0.007208218	0.000133411	0.009613345	0.004522462	0.058040408
COSMIC 18	0.050536419	0.010939825	0.002288073	0.019424091	0.001516888	0.002498785	0.002614509	0.003983011	0.003825624	0.002465214	0.008463957	0.00560574	0.003037211	0.000811167	0.004503207	0.002736523	0.002933054	0.001513285	0.003329669	0.005491318	0.000386138	0.001254982	0.002369216	0.000338603	0.088768109	0.020641391	0.017178402	0.037676959	0.000458464	0.003654228	0.005405774	0.005519605	0.009767511	0.005654828	0.016183223	0.005153319	0.000412346	0.002491411	0.005523046	0.003313713	0.000192169	0.003050193	0.002596464	0.001310029	6.10E-05	0.002015697	0.005311967	0.002341629	0.128724158	0.016092879	0.009271417	0.07201707	0.00092388	0.000648648	0.00054284	0.001376725	0.002703069	0.004199308	0.011897361	0.001913381	0.001875434	0.00151031	0.001505369	0.003611025	0.000529126	0.002279131	0.005871057	0.004771566	0.001341532	9.20E-07	0.009695	0.002890554	0.067080644	0.04186901	0.015162379	0.117877847	0.001802969	0.007863007	0.001513223	0.003567102	0.014923392	0.009962744	0.011549715	0.005398014	0.004663278	0.002578156	0.002016738	0.002818679	0.000302304	0.006260791	0.001541265	0.001357797	3.63E-05	0.003233838	0.000754602	0.002126442
COSMIC 19	0.0107	0.0074	0.0005	0.0074	0.0058	0.0019	0	0.0072	0.0221	0.0203	0.0368	0.0266	0.0011	0.0053	0.0045	0.0033	0.0145	0.0048	0.0135	0.016	0.0014	0	0.001	0.0017	0.0112	0.0159	0.0018	0.0096	0.0002	0.0028	0.0002	0.0008	0.0438	0.0753	0.0238	0.1159	0.0043	0.0053	0.0021	0.0022	0.0066	0.007	0.004	0.0053	0	0.0011	0.0013	0.0019	0.0032	0.0031	0	0.0072	0.002	0	0	0	0.0374	0.0614	0.0278	0.0917	0.0026	0	0.0016	0.0052	0.0039	0.003	0.006	0.0099	0	0	0.0043	0.0025	0.0051	0.0063	0.0018	0.0087	0.0005	0.0011	0	0.0105	0.0218	0.033	0.009	0.0267	0.0039	0.0048	0.0052	0.0085	0.0052	0.002	0.0057	0.0038	0.0032	0.0018	0.0011	0.0013
COSMIC 20	0.001179962	0.002211505	1.62E-07	0.00300801	0.000697041	0.00205931	1.27E-05	0.000848587	0.032858047	0.022196047	0.034572015	0.01881956	0.000574401	0.001971462	0.000190587	0.007421104	0.016395063	0.019251794	0.054784918	0.00734127	1.77E-06	0.000381388	0.000658758	0.000532125	0.017377111	0.036502463	0.012482588	0.103401226	1.33E-05	0.000548145	0	0.000120731	0.011145185	0.018152747	0.044384942	0.013847136	4.50E-05	0.004389056	0.001127836	0.002385541	0.014867697	0.018356161	0.074150563	0.011001118	2.33E-05	0.008476495	0.015383776	0.002185395	0.001116124	0.003271429	0.003751613	0.012937194	0.001339769	0.001811151	6.38E-07	0.001238264	0.056793948	0.054429857	0.004592689	0.049580864	0.00016313	0.00379918	0.000828334	0.001900747	0.002469317	0.001565633	0.027341755	0.001498265	3.58E-06	0.002830575	0.002733219	0.003558559	0.0006883	0.004058229	0.001001102	0.012229105	2.43E-05	0.000151999	0	0.00068306	0.010710322	0.00817551	0.023163899	0.009540087	0.000924548	0.000708207	9.70E-05	0.002313489	0.00573423	0.011234255	0.023767611	0.005395186	2.69E-07	0.000377234	0.000515422	0.000615657
COSMIC 21	0.0001	0.0007	0	0.0006	0.0005	0.0008	0	0.0018	0.0051	0.0062	0.0256	0.003	0.0083	0.0292	0.0027	0.0043	0.0265	0.0165	0.0224	0.0189	0	0.0031	0.0016	0.0018	0.002	0.0014	0.0027	0.0056	0.0001	0	0	0.0003	0.0034	0.0091	0.0318	0.004	0	0.0037	0.0025	0.001	0.0219	0.01	0.0211	0.0204	0	0.0005	0.0004	0.0032	0.0001	0.0038	0.0003	0.0023	0.0004	0.0042	0	0.0004	0.0163	0.0392	0.0019	0.0166	0	0.0142	0.0031	0.0041	0.1426	0.0665	0.0884	0.1003	0	0.0006	0.0004	0.0008	0.0001	0.0005	0	0.0004	0.0002	0.0003	0	0.0003	0.0064	0.0086	0.0126	0.0064	0.0027	0.0045	0	0.0008	0.0389	0.0313	0.0249	0.0274	0	0.0018	0.0003	0.0003
COSMIC 22	0.00150407	0.002451011	0	0.000922453	0.000527644	0	0	0.000299455	0.00311339	0.00152486	0.003625641	0	0.04961923	0.01166674	0.067915454	0.014599918	0.016839931	0.001108262	0.004913616	0.002630524	0.001651999	0	0.001086873	0	0.004549693	0.003764474	0.000900163	0.004439846	0.000582018	0.0008253	0.000382115	0.001760646	0.00773135	0.007110851	0.005502031	0.004169777	0.086898546	0.053706847	0.213220867	0.061827507	0.004027346	0.001352444	0.002749666	0.002363354	0.001120357	0.001064584	0.004188568	0.00162941	0.00129837	0.001809622	0.000333838	0.000519148	0	0	0.000214696	0.000538439	0.001915371	0.003229134	0.003300599	0.00111406	0.053709146	0.009489397	0.050293902	0.010601457	0.004217454	0	0.001474885	0.001561043	0	0	0.001877589	0	0.004051635	0.002739771	0.000513151	0.003605651	0.000225491	0.000628695	0.000395808	0.000257375	0.002016722	0.001990834	0.001498473	0.001182227	0.040810503	0.025570396	0.069845218	0.023579062	0.00480367	0.000912158	0.001781736	0	0.001651699	0	0.002572752	0
COSMIC 23	0.000453361	0.0003668	0	0	0	0	0	0	0.019767154	0.08188058	0.009248715	0.033209652	0	0	0.000237419	0	0.001068449	0.000221573	0.000498802	0.000313241	0	0	0	0	0.000164739	0.000736875	0.000163954	0.000722732	0.000199049	0.000283776	0	0.000195775	0.060572628	0.186375634	0.015149083	0.156015397	0.000594528	0	0.00017312	0.000457813	0	0	0.000320705	0	0	0.000190144	0	0.000210835	0.000349907	0.000568338	0.000149418	0	0	0.000137501	0	0	0.053282059	0.162918344	0.013046495	0.1075904	0	0.000183204	0	0	0.000251169	0.000538218	0	0.00099577	0	0	0.000187132	0	0.00207129	0.00069641	9.94E-05	0.00020743	0.000230609	0.000165787	0	0.000438956	0.014558614	0.043510447	0.002752641	0.024328785	0	0	0.000231526	0	0	0.000230609	0.000239514	0	0	0	0.000247502	0
COSMIC 24	0.028645993	0.020214638	0.020478996	0.024600145	0.011993039	0.00842512	0	0.003881383	0.006315518	0.003844327	0.003110664	0.003420419	0.001166747	1.52E-05	0.006332456	4.97E-06	0.004726009	0.000627949	0.002723759	0.007122368	0	0.001463951	0.000847613	0.001075455	0.063559284	0.033757005	0.022428986	0.020086515	0.013476822	0.016105688	0.000797472	0.010388666	0.006035447	0	0.002924419	0.003971202	0.002766635	0.002694462	0.006911165	0.0029152	0.001848877	0.00445369	0	0.001597389	0	0.002185437	0.00011391	0.002533718	0.054676449	0.109945989	0.046524869	0.050428709	0.004945061	0.009369876	0.005625727	0.00305577	0.023679051	0.015919202	0.012648078	0.018129778	0.002225127	0.004853149	0.000195759	0	0.00126975	0.00671034	0.000277685	0.004238478	0	0.001073632	0.002924697	0.000825098	0.031451263	0.062538294	0.012802591	0.03029768	0.010220857	0.007578365	0.001592714	0.006100727	0.026571894	0.012055691	0.00536336	0.005532499	0	0.007994129	0.011202144	0.000270579	0.001682291	0.002344528	0.000481274	0.000358148	0	0	0.001360505	6.95E-05
COSMIC 25	0.009896768	0.006998929	0.001448443	0.004966565	0.008032568	0.00163597	0	0.00342845	0.020987618	0.013141284	0.019659894	0.005728519	0.020430527	0.008892561	0.006241948	0.014850878	0.020663283	0.009502478	0.019911492	0.01448839	0.00528168	0	0.007136422	0	0.014832948	0.007822175	0.001276977	0.012563655	0.00720079	0.004598473	0.000823709	0.00019636	0.014333995	0.005936644	0.011559392	0.013632597	0.026296323	0.015799883	0.062860606	0.036622351	0.009028015	0.010771632	0.013350661	0.00896103	0	0.002886454	0.011769492	0.008550807	0.013465295	0.006468298	0.000658103	0.01047308	0.004169656	0.002392805	0.000418194	0.001994012	0.010038112	0.006953875	0.010468363	0.009823821	0.036217801	0.00584711	0.038241179	0.020167954	0.017489824	0.004045612	0.013402246	0.014159694	0.005546227	0	0.008685244	0.002768572	0.006938147	0.010246607	0	0.024625787	0.009798725	0.003266507	0.002057437	0.016400917	0.011077521	0.006448788	0.014083416	0.012418586	0.021830329	0.003405687	0.01019152	0.014527539	0.01451505	0.007406083	0.004892531	0.017014781	0.00208148	0.000578979	0.009429196	0.007869672
COSMIC 26	0.002039773	0.001487162	0.000283946	0.000597866	0.001272881	0.001528195	0.000307246	0.002498252	0.005907232	0.010626458	0.019930323	0.011334531	0.00445934	0.012822243	0.001172344	0.003993138	0.055028652	0.027594604	0.051791044	0.039072244	8.07E-05	0.000163171	0.00125508	0.001850383	0.00370585	0.003980723	0.000811742	0.019038431	0.001279106	0.001214977	0.000207833	0.002297026	0.006594445	0.006510632	0.011904935	0.006238556	0.003561423	0.003901611	0.002390304	0.001635923	0.037889378	0.021740735	0.047240103	0.020740621	9.54E-05	0.003919455	0.005497357	0.006788719	0.001375312	0.001961639	1.32E-05	0.001934996	0.001320607	0.001845501	0.000205061	0.001225533	0.009606515	0.019507427	0.022502717	0.017307472	0.002242887	0.005207287	0.001358122	0.002513113	0.098052825	0.040226364	0.044620701	0.055528068	3.74E-05	0.002460705	0.000817202	0.007833561	0.002680062	0.002031644	0.000265072	0.003017187	0.004201897	0.002807762	6.20E-09	0.008019383	0.011303289	0.010807527	0.010364329	0.007249145	0.000628145	0.005073754	2.01E-05	0.001235538	0.028789681	0.036639492	0.019143694	0.023071689	8.53E-06	0.00271851	0.001369161	0.002568077
COSMIC 27	0.005205627	0.004738227	0.000782698	0.002718242	0.001324163	0.001771084	0	0.00132272	0.013723286	0.005424306	0.006706429	0.004475614	0.143076389	0.001464085	0.001226281	0.002535198	0.005047301	0.001845691	0.005688814	0.002592755	0.001136337	0.000958976	6.77E-05	0.000256028	0.005065073	0.002234153	0.000266312	0.00310057	0.004730649	0.001261645	0.000360857	0.000268026	0.017438485	0.00714487	0.007503562	0.007148028	0.330601017	0.002813599	0.004396857	0.005430892	0.004899079	0.005724448	0.005661479	0.003900589	0	0.000381245	0.000403257	0.001439096	0.010755872	0.012442335	0.001629628	0.007412355	0.001418166	0.001346717	0	0.004560686	0.014215314	0.020143646	0.009368468	0.007589626	0.109851872	2.35E-05	0.001565937	0	0.00477738	0.001964954	0.001229168	0.003747225	0	5.08E-05	0.004742919	0.002298476	0.007079285	0.006268801	0.001446403	0.009806278	0.002870434	0.003107968	1.28E-05	0.002130588	0.018757776	0.007989184	0.004609131	0.011880932	0.052813887	4.71E-05	0	0.001929771	0.001721015	0.003489213	0.001152847	0.001527957	0.001189022	0.000280295	0.002353056	0.000139561
COSMIC 28	0.001397439	0.000917188	0	0.00051341	0.000255195	0.000268899	0	0.000307698	0.005433792	0.001815415	0.005432039	0.001629213	0.000964031	0.003365668	0.001785754	0.005653089	0.004092747	0.007880729	0.005520834	0.003232484	0.006364676	0.016610906	0.006592842	0.086392897	0.001168516	0.000334292	5.37E-05	0.000186672	0.000103366	0.000144311	0	0.000291	0.004391533	0.002647661	0.002284564	0.002423984	0.00256658	0.019610897	0.0088336	0.01094261	0.020738003	0.043283797	0.037088262	0.005052716	0.009589842	0.033913224	0.018516482	0.118967103	0.002136629	0.000429208	0	0.001318507	8.16E-05	0.000105219	0	0.000159679	0.003384241	0.001687414	0.002189309	0.001043994	0.000551461	0.003163988	0.002152847	0.002007733	0.003655048	0.007071175	0.008232238	0.000407885	0	0	0.004217808	0.031648997	0.000775903	0.000829292	0	0.001998074	0.00052137	0.000667326	0	0.00124578	0.007622258	0.005116619	0.001918028	0.006193159	0.000203238	0.010180965	0.003250427	0.016492812	0.009929552	0.029010563	0.015683219	0.017291564	0.009389659	0.030117077	0.012698751	0.233659783
COSMIC 29	0.069981987	0.055152357	0.017846984	0.026804716	0.009301971	0.003479049	0.000154434	0.00397679	0.005197221	0.00897647	0.031638996	0.004769667	0	0.003049596	0.003909982	0.005105527	0.010119181	0.006349683	0.01465961	0.007892413	0	0	0.002925171	0	0.051410212	0.025825651	0.014496183	0.040355074	0.002618863	0.001111512	0.001520047	0.000139751	0.009126472	0.007067603	0.01987518	0.001634059	0.001765448	0.000383359	0.003556845	0.002232755	0	0.002774954	0.006902415	0.003041425	0.001116855	0	0.002169693	0.001143663	0.07804661	0.073460915	0.017383297	0.059602472	0.00026576	0.000945013	0	0.004796745	0.011638793	0.003781752	0.019684388	0.005761337	0.002930098	0	0.000533632	0	0.007090804	0.007111328	0.005643064	0.011237674	0	0	0.003640594	0.006181024	0.026894407	0.031608137	0.012500468	0.041207176	0.000820445	0.000444119	0.000143297	0.001369869	0.012076583	0	0.015830197	0.013462137	0.001191207	0.001682664	0.002438756	0	0.011498666	0.003584215	0.001694297	0.003799706	0	0	0.000353696	0.006104834
COSMIC 30	0	0	0.0019673	0	0	0	0.00482	0	0.065119	0.054397	0.0204604	0.0219359	0.0075743	0.003738	0.0065906	0.0093447	0	0.0087547	0.0090498	0	0.0053118	0.0024592	0.0062955	0.0095416	0	0	0.0022624	0	0	0	0.0032461	0	0.0694472	0.0638403	0.0173126	0.0342318	0.0053118	0.0067873	0.0082628	0	0	0	0	0	0.0046233	0.0060004	0.0073775	0.0091481	0.008853	0.0093449	0.0008853	0.0081645	0.0073775	0.0065906	0.0015739	0	0.0485934	0.0494787	0.0157387	0.0188865	0.003738	0.0033445	0.0050167	0.0063939	0	0.0065906	0.0078694	0.0084596	0.0032461	0.001869	0.0033445	0.0056069	0	0	0.0016722	0	0	0	0.0019673	0	0.0849892	0.090301	0.0151485	0.045544	0.0076726	0.0064922	0.0036396	0	0	0.0091481	0.0060004	0	0.0086563	0.0043282	0.0082628	0
5* A	0.0141	0.0145	0.00717	0.00968	0.00729	0.00665	0.0059	0.00752	0.0193	0.0174	0.0242	0.015	0.00526	0.00521	0.00608	0.00525	0.0236	0.00833	0.0234	0.0148	0.00172	0.00139	0.00426	0.00318	0.0173	0.0151	0.0145	0.012	0.0119	0.0113	0.0123	0.0138	0.0312	0.0235	0.0319	0.0394	0.00256	0.00557	0.0141	0.006	0.00737	0.00794	0.0198	0.0109	0.00252	0.00481	0.00831	0.00894	0.0134	0.0148	0.00895	0.0138	0.00727	0.00736	0.00462	0.00633	0.0209	0.0239	0.0267	0.0241	0.00432	0.00547	0.00577	0.00457	0.0158	0.00868	0.01	0.0108	0.00303	0.00227	0.00368	0.00375	0.00861	0.0195	0.00476	0.0133	0.000517	0.0121	0.00364	0	0	0.0174	0.00556	0.00465	0.00212	0.00542	0.00434	0.00428	0.0121	0.0102	0.0115	0.00806	0.00151	0.00388	0.00517	0.00696
5* B	0.0112	0.00887	0.00316	0.00406	0.00668	0.00562	0.00402	0.0111	0.0199	0.0126	0.0353	0.0114	0.00253	0.00253	0.00739	0.00502	0.0268	0.0135	0.0301	0.0135	0.0022	0.00183	0.00457	0.00234	0.00979	0.00766	0.00668	0.00881	0.011	0.00729	0.00733	0.0106	0.024	0.0308	0.0536	0.033	0.00348	0.00441	0.0118	0.00476	0.0156	0.0136	0.0255	0.0252	0.00167	0.00298	0.00921	0.00872	0.00492	0.00541	0.00768	0.00582	0.00256	0.0142	0.00466	0.00639	0.0154	0.0214	0.0275	0.024	0.00425	0.00641	0.00438	0.00318	0.0219	0.0108	0.0202	0.0204	0.0025	0.00361	0.00287	0.00422	0.01	0.0132	0.00186	0.0089	0.00908	0.0167	0.00546	0	0	0.0106	0.00597	0.00138	0.00279	0.00884	0.00457	0.0023	0.0132	0.0116	0.00958	0.0161	0.00179	0.00352	0.00422	0.0097
5* C	0.00681	0.0167	0.00879	0.00562	0.000766	0.00162	0	0.00519	0.0104	0.0122	0.0615	0.0163	0.00336	0.0021	0.00448	0.00375	0.0268	0.00931	0.0169	0.0181	0.0026	0.00449	0	0.00229	0.0156	0.00974	0.0125	0.0085	0.00779	0.00827	0.00732	0.00721	0.0203	0.0231	0.0598	0.0269	0.00149	0.00744	0.00424	0.00349	0.00497	0.0139	0.0291	0.013	0.00224	0.000383	0.00276	0.00221	0.012	0.0172	0.00669	0.0102	0.00994	0.000924	0.00502	0.00295	0.0227	0.059	0.0651	0.0296	0.00535	0.000593	0.00291	0.00177	0.00862	0.00975	0.00738	0.0172	0.00201	0.00218	0.0111	0	0.00742	0.0197	0.0084	0.0131	0	0.00523	0.00211	0	0	0.017	0.0275	0.00176	0.00244	0.00258	0	0.00319	0.0064	0.00684	0.00899	0.00833	0.00346	0.00689	0.00229	0.00386
5* D	0.0115	0.013	0.00757	0.0072	0.00557	0.0056	0.00398	0.0084	0.0172	0.0155	0.0269	0.0145	0.00515	0.00488	0.00966	0.00523	0.0252	0.0095	0.0254	0.0169	0.0023	0.00234	0.00381	0.00299	0.0166	0.0118	0.0122	0.011	0.0103	0.00971	0.0105	0.0112	0.0285	0.0247	0.0364	0.0343	0.00532	0.00813	0.019	0.00816	0.00957	0.00956	0.0229	0.0152	0.00208	0.00349	0.00832	0.00813	0.0103	0.012	0.00902	0.0109	0.00633	0.00782	0.00517	0.0055	0.0205	0.0236	0.0269	0.0234	0.00544	0.00529	0.00637	0.00451	0.0171	0.00991	0.013	0.0128	0.00238	0.00276	0.00482	0.0036	0.00932	0.0178	0.00456	0.0114	0	0.0112	0.00351	0	0	0.0176	0.00426	0.00398	0.0026	0.00682	0.00627	0.00431	0.0121	0.00965	0.0109	0.00941	0.00194	0.00416	0.00444	0.0069
5* E	0.0117	0.0125	0.00657	0.00738	0.00634	0.00616	0.00458	0.00891	0.0186	0.0157	0.0269	0.0145	0.00504	0.00467	0.00852	0.00514	0.0256	0.00976	0.0266	0.0171	0.00198	0.0022	0.00417	0.00317	0.0159	0.0117	0.0121	0.0107	0.0109	0.00961	0.0109	0.012	0.0289	0.0249	0.036	0.0362	0.00411	0.007	0.0164	0.00702	0.00978	0.00913	0.0221	0.0154	0.00235	0.00377	0.00859	0.00873	0.00978	0.0111	0.00847	0.011	0.00584	0.00849	0.00525	0.00592	0.0208	0.0223	0.0248	0.023	0.00496	0.00556	0.0059	0.00446	0.0182	0.0102	0.0135	0.0129	0.00262	0.00268	0.00491	0.00394	0.00912	0.0167	0.00422	0.0116	0	0.0112	0.0041	0	0	0.0188	0.00436	0.00528	0.00254	0.00651	0.00518	0.00404	0.0122	0.0104	0.0111	0.0099	0.0016	0.00418	0.00489	0.00735
5* F	0.0128	0.0126	0.00613	0.00789	0.00692	0.00601	0.0051	0.00872	0.0194	0.0159	0.025	0.0137	0.00463	0.00494	0.00677	0.00529	0.0249	0.0101	0.0266	0.0153	0.00207	0.00173	0.00454	0.00312	0.0148	0.0125	0.0119	0.0111	0.0112	0.0101	0.0109	0.0125	0.0293	0.0263	0.0366	0.0374	0.00298	0.00537	0.0133	0.00561	0.00983	0.00994	0.0221	0.0157	0.00236	0.00396	0.00857	0.00884	0.0106	0.0114	0.00899	0.0112	0.0059	0.00929	0.0048	0.0062	0.0195	0.022	0.0256	0.024	0.00459	0.00595	0.00552	0.00426	0.0187	0.00975	0.013	0.0132	0.0028	0.00271	0.00368	0.00415	0.00907	0.0175	0.00467	0.0117	0.00304	0.0133	0.00426	0	0	0.017	0.00417	0.00541	0.00216	0.00637	0.00433	0.00339	0.0125	0.0103	0.0108	0.0106	0.00158	0.00402	0.00494	0.0076
SBS1	8.86E-04	2.28E-03	1.77E-04	1.28E-03	1.86E-03	1.22E-03	1.15E-04	1.14E-03	2.50E-02	6.32E-03	3.65E-01	9.58E-03	8.00E-04	2.23E-03	1.14E-03	1.83E-04	1.09E-03	3.04E-03	1.06E-04	5.74E-03	1.72E-04	2.07E-04	2.68E-04	1.12E-04	3.12E-04	1.79E-03	9.32E-05	2.23E-16	2.41E-05	7.68E-05	3.52E-04	2.23E-16	2.00E-03	2.70E-04	1.96E-01	1.96E-04	4.30E-05	3.93E-04	3.24E-04	2.60E-04	2.23E-16	2.50E-03	3.60E-04	4.26E-05	3.55E-05	2.12E-04	1.28E-04	1.71E-04	1.58E-03	3.39E-04	5.87E-04	2.23E-16	9.59E-06	1.64E-04	1.66E-04	2.23E-16	4.44E-03	9.28E-05	2.18E-01	3.84E-05	8.12E-05	1.29E-04	2.46E-04	2.58E-04	1.05E-03	1.90E-03	1.17E-03	7.13E-05	2.23E-16	2.23E-16	3.48E-04	1.46E-05	6.58E-05	2.53E-03	2.23E-16	5.88E-06	2.23E-16	2.03E-04	6.94E-05	1.56E-03	1.11E-03	3.73E-05	1.10E-01	2.23E-16	6.72E-03	2.23E-16	2.80E-05	2.25E-03	2.55E-04	3.39E-03	4.16E-04	4.33E-03	2.23E-16	5.51E-05	5.83E-04	2.23E-16
SBS2	5.80E-07	1.48E-04	5.23E-05	9.78E-05	2.23E-16	1.33E-04	1.52E-05	9.12E-05	6.11E-05	1.38E-03	3.27E-05	1.86E-03	9.59E-05	8.78E-04	2.55E-05	2.23E-16	6.17E-05	2.15E-05	1.32E-05	1.55E-04	2.38E-04	7.46E-05	2.05E-06	3.76E-06	2.08E-04	9.53E-05	2.23E-16	4.21E-04	2.23E-16	3.51E-04	4.87E-05	6.36E-05	4.32E-03	1.70E-04	2.77E-03	1.45E-03	2.43E-04	2.44E-04	1.49E-04	2.23E-16	3.02E-04	2.85E-05	2.23E-16	1.86E-04	1.53E-04	1.55E-04	1.21E-04	2.03E-04	8.62E-05	2.23E-16	1.39E-05	5.12E-05	6.54E-05	2.61E-04	2.23E-16	1.34E-04	2.23E-16	1.29E-07	2.23E-16	5.04E-05	2.23E-16	1.31E-04	6.38E-05	6.28E-05	2.23E-16	2.74E-05	1.07E-04	1.25E-05	2.09E-04	1.33E-04	3.71E-05	2.23E-16	6.39E-04	1.70E-04	8.53E-05	4.40E-04	2.23E-16	9.87E-05	4.12E-05	1.18E-03	5.36E-01	9.73E-02	4.42E-02	3.00E-01	4.22E-04	1.92E-04	5.01E-05	2.05E-04	2.23E-16	4.35E-05	1.17E-04	3.58E-05	1.67E-05	7.04E-05	9.54E-05	2.23E-16
SBS3	2.08E-02	1.65E-02	1.75E-03	1.22E-02	1.97E-02	1.17E-02	2.53E-04	1.74E-02	1.42E-02	1.24E-02	2.57E-03	1.21E-02	5.49E-03	7.21E-03	9.64E-03	6.11E-03	1.65E-02	7.76E-03	1.23E-02	1.73E-02	3.95E-03	2.60E-03	6.30E-03	3.97E-03	2.25E-02	2.53E-02	2.51E-03	1.54E-02	1.93E-02	1.41E-02	1.50E-03	2.23E-02	1.61E-02	2.02E-02	2.24E-03	2.30E-02	7.94E-03	1.78E-02	1.32E-02	1.27E-02	8.83E-03	1.45E-02	1.01E-02	1.58E-02	4.37E-03	7.04E-03	1.07E-02	7.03E-03	7.13E-03	1.09E-02	1.43E-03	1.00E-02	1.27E-02	8.63E-03	2.42E-03	1.47E-02	1.64E-02	1.34E-02	5.28E-04	1.13E-02	7.06E-03	7.48E-03	1.16E-02	1.23E-02	9.98E-03	5.64E-03	1.09E-02	1.02E-02	4.42E-03	2.34E-03	1.09E-02	5.83E-03	8.41E-03	1.68E-02	1.41E-03	9.97E-03	1.33E-02	2.03E-02	5.20E-04	2.35E-02	5.76E-03	1.33E-02	9.89E-04	8.17E-03	6.51E-03	1.05E-02	6.71E-03	1.30E-02	1.52E-02	8.99E-03	6.93E-03	1.39E-02	7.25E-03	6.28E-03	8.05E-03	1.05E-02
SBS4	4.22E-02	3.33E-02	1.56E-02	2.95E-02	6.89E-03	2.84E-03	1.28E-03	3.55E-03	8.70E-03	4.18E-03	7.83E-04	4.25E-03	9.42E-03	3.53E-03	1.24E-02	4.21E-03	7.95E-03	7.15E-04	5.00E-03	1.56E-03	1.05E-03	1.59E-04	1.42E-03	2.16E-04	8.07E-02	7.97E-02	2.45E-02	6.90E-02	7.83E-03	6.87E-03	3.40E-03	6.82E-03	1.27E-02	1.15E-02	3.31E-03	1.60E-02	1.44E-02	1.22E-02	3.25E-02	1.18E-02	5.18E-03	2.36E-03	5.50E-03	2.56E-03	8.70E-04	4.41E-04	3.79E-03	1.20E-03	3.16E-02	3.48E-02	1.53E-02	2.12E-02	5.29E-03	5.75E-03	3.30E-03	3.04E-03	4.09E-03	4.46E-03	4.82E-04	3.81E-03	9.22E-03	3.60E-03	1.31E-02	5.52E-03	2.90E-03	1.18E-03	2.37E-03	7.55E-04	5.98E-04	2.53E-04	2.43E-03	2.52E-04	3.98E-02	4.69E-02	1.09E-02	4.13E-02	3.58E-03	5.95E-03	1.83E-03	3.38E-03	3.74E-03	6.99E-03	2.81E-04	7.22E-03	8.88E-03	4.31E-03	9.54E-03	5.62E-03	2.41E-03	5.03E-04	1.74E-03	6.36E-04	3.77E-04	1.74E-04	2.32E-03	5.68E-04
SBS5	1.20E-02	9.44E-03	1.85E-03	6.61E-03	1.01E-02	5.70E-03	1.72E-03	1.01E-02	3.26E-02	1.79E-02	6.18E-03	2.20E-02	7.38E-03	6.93E-03	9.12E-03	6.20E-03	4.62E-02	1.34E-02	3.82E-02	3.83E-02	3.86E-03	2.60E-03	7.94E-03	4.83E-03	7.43E-03	6.14E-03	3.46E-03	6.49E-03	6.96E-03	9.07E-03	2.49E-03	9.53E-03	1.94E-02	1.90E-02	1.75E-02	2.31E-02	3.54E-03	5.19E-03	5.01E-03	4.30E-03	1.33E-02	1.04E-02	2.08E-02	1.49E-02	2.59E-03	4.61E-03	6.13E-03	7.30E-03	1.02E-02	7.65E-03	2.34E-03	6.82E-03	4.68E-03	5.08E-03	1.51E-03	6.72E-03	1.94E-02	2.16E-02	1.23E-02	1.86E-02	3.67E-03	2.91E-03	4.11E-03	3.22E-03	1.41E-02	7.94E-03	1.50E-02	1.37E-02	2.52E-03	1.71E-03	5.30E-03	2.35E-03	7.86E-03	9.17E-03	2.30E-03	1.27E-02	7.81E-03	7.60E-03	1.71E-03	1.25E-02	2.03E-02	2.30E-02	1.59E-02	2.10E-02	6.31E-03	4.14E-03	4.79E-03	8.75E-03	1.80E-02	9.71E-03	1.27E-02	1.85E-02	5.22E-03	6.56E-03	6.94E-03	1.35E-02
SBS6	4.25E-04	5.24E-04	5.20E-05	1.80E-04	4.71E-04	2.89E-04	2.22E-16	2.54E-04	6.41E-02	2.29E-02	1.20E-01	2.13E-02	9.82E-05	5.46E-04	2.22E-16	1.66E-03	2.21E-03	1.13E-03	4.24E-03	5.02E-04	2.57E-05	2.04E-04	1.07E-04	3.86E-04	1.82E-03	4.09E-03	1.65E-03	9.60E-03	4.11E-05	3.72E-05	8.43E-05	1.44E-05	1.36E-02	1.48E-02	1.22E-01	1.38E-02	6.66E-05	5.51E-04	1.15E-04	1.79E-04	1.66E-03	1.03E-03	5.32E-03	1.27E-03	4.95E-05	7.84E-04	9.24E-04	1.30E-03	4.27E-04	9.13E-04	3.57E-04	1.23E-03	1.94E-05	6.85E-04	2.22E-16	3.21E-04	9.36E-02	1.11E-01	1.78E-01	7.44E-02	5.10E-05	4.89E-04	1.95E-04	2.48E-04	2.57E-03	1.11E-03	2.45E-03	9.06E-04	4.35E-05	2.13E-04	2.74E-04	7.87E-04	3.56E-04	4.98E-04	2.00E-04	7.47E-04	4.97E-05	1.13E-04	1.95E-06	1.28E-04	1.20E-02	1.05E-02	5.20E-02	6.99E-03	4.54E-04	1.14E-04	2.95E-05	4.26E-04	1.48E-03	1.09E-03	2.13E-03	1.74E-03	1.05E-04	2.87E-04	3.24E-04	1.01E-03
SBS7a	6.70E-05	1.79E-04	7.12E-05	2.48E-04	6.49E-05	2.16E-05	5.08E-05	9.56E-05	1.22E-04	1.77E-02	2.23E-16	7.42E-03	1.94E-03	6.70E-04	5.87E-04	3.71E-03	4.90E-04	2.27E-04	1.87E-04	6.15E-04	4.73E-04	2.47E-04	2.76E-04	3.09E-04	4.55E-04	2.40E-04	2.23E-16	3.72E-04	2.23E-16	1.31E-04	7.75E-05	9.56E-05	5.00E-02	5.53E-02	6.71E-03	5.66E-02	1.77E-04	2.61E-04	1.12E-04	3.71E-04	4.51E-04	2.59E-04	1.04E-04	1.82E-03	8.42E-05	1.72E-04	2.23E-16	2.65E-05	4.06E-05	1.38E-04	4.25E-05	2.23E-16	1.96E-05	3.32E-05	4.51E-05	4.20E-05	8.49E-05	1.17E-02	5.52E-06	1.61E-02	4.01E-04	2.24E-04	2.90E-04	3.06E-04	1.01E-04	7.41E-05	7.25E-05	8.11E-04	9.06E-05	1.21E-04	3.25E-04	8.35E-04	3.90E-04	6.36E-04	3.44E-05	6.13E-04	2.23E-16	5.09E-05	6.35E-06	2.81E-04	2.38E-01	3.31E-01	7.41E-02	1.07E-01	3.56E-04	3.89E-04	2.23E-16	7.98E-04	2.15E-03	5.96E-04	3.19E-04	8.12E-04	1.28E-04	1.16E-04	2.23E-16	8.29E-05
SBS7b	2.33E-03	4.61E-04	1.86E-04	7.10E-04	8.56E-06	1.89E-04	5.05E-04	2.85E-04	1.41E-03	3.81E-02	5.43E-04	1.08E-02	2.49E-03	4.67E-04	1.56E-03	8.29E-03	1.02E-03	4.56E-04	1.50E-03	2.15E-03	8.44E-05	9.32E-04	1.47E-03	7.33E-04	1.14E-03	1.55E-03	4.08E-04	1.49E-03	4.58E-04	9.60E-04	7.91E-04	8.90E-04	1.07E-01	1.82E-01	2.21E-02	1.26E-01	1.12E-03	9.58E-04	8.83E-04	1.12E-04	1.53E-03	8.40E-04	7.30E-04	5.73E-03	3.59E-04	7.92E-04	1.29E-03	3.68E-06	7.46E-04	2.15E-04	7.29E-05	1.47E-04	5.11E-05	4.52E-04	3.37E-04	2.77E-04	8.55E-04	2.63E-02	1.76E-04	5.39E-03	5.26E-04	2.56E-04	6.56E-04	5.59E-05	2.66E-04	2.22E-16	5.29E-04	6.85E-03	3.23E-04	3.21E-04	2.41E-03	1.83E-03	2.90E-03	3.52E-03	3.00E-04	1.41E-03	2.54E-04	1.62E-03	3.64E-04	7.14E-04	6.61E-03	2.11E-01	5.74E-02	1.02E-01	3.24E-03	2.24E-03	1.70E-03	2.22E-16	6.00E-03	1.73E-03	3.81E-03	2.97E-03	9.55E-04	1.55E-03	1.35E-03	1.77E-03
SBS7c	4.83E-03	1.15E-03	3.77E-04	1.96E-03	1.12E-03	3.19E-04	2.22E-16	1.93E-03	1.33E-03	7.68E-03	9.27E-04	7.48E-03	1.24E-02	3.42E-03	2.11E-04	5.07E-02	2.88E-04	5.33E-04	1.07E-03	2.65E-03	1.19E-02	1.05E-03	6.04E-04	2.22E-16	1.09E-04	3.09E-03	1.91E-03	1.35E-02	2.06E-04	2.26E-03	2.62E-04	4.24E-03	2.71E-03	5.97E-03	8.94E-03	2.06E-02	3.47E-03	1.34E-02	9.61E-04	4.87E-02	7.57E-03	3.58E-03	2.17E-03	4.31E-02	3.28E-03	5.58E-03	1.19E-03	3.40E-03	1.05E-03	7.42E-04	2.22E-16	3.63E-04	1.82E-04	4.73E-04	1.80E-04	1.28E-03	1.57E-04	9.51E-06	3.43E-05	7.58E-04	1.73E-03	2.27E-03	2.22E-16	2.03E-02	2.22E-16	4.23E-04	2.32E-04	7.07E-03	2.48E-03	1.66E-03	6.03E-03	6.75E-03	2.52E-03	1.42E-02	2.22E-16	3.73E-03	1.94E-03	4.61E-03	8.75E-06	1.23E-02	1.73E-02	1.37E-02	4.64E-05	2.32E-03	1.54E-02	3.42E-02	1.22E-02	2.79E-01	3.02E-02	2.09E-02	1.29E-02	8.81E-02	1.93E-02	1.74E-02	7.64E-03	2.17E-02
SBS7d	4.04E-05	7.65E-04	2.50E-04	4.05E-03	1.18E-03	2.55E-03	9.06E-04	2.91E-03	3.33E-03	1.40E-03	1.21E-03	3.29E-02	8.89E-05	1.08E-03	3.70E-03	4.11E-02	4.36E-03	3.93E-03	9.19E-03	5.10E-02	3.70E-03	2.66E-03	1.06E-02	1.43E-02	1.45E-02	3.22E-03	8.51E-05	1.17E-04	1.32E-03	2.86E-04	1.32E-03	2.22E-16	3.56E-02	2.60E-03	2.64E-03	1.38E-04	1.61E-03	8.13E-05	1.20E-03	1.15E-03	1.02E-02	8.89E-05	9.35E-04	3.97E-02	1.48E-03	4.98E-05	2.58E-05	1.56E-04	1.68E-04	2.22E-16	1.82E-05	7.40E-05	1.96E-04	2.22E-16	5.45E-04	8.82E-04	3.65E-04	1.81E-04	1.57E-04	4.21E-02	2.37E-05	1.12E-04	1.35E-03	8.76E-03	8.00E-04	2.32E-03	2.57E-03	3.18E-01	7.48E-05	2.23E-05	3.80E-03	6.84E-03	1.14E-02	7.76E-03	2.22E-16	1.91E-04	3.74E-03	5.88E-04	8.73E-04	8.53E-05	2.07E-04	5.65E-03	1.75E-03	5.00E-02	1.67E-02	1.23E-03	5.60E-03	2.73E-02	8.12E-02	1.43E-02	2.28E-02	4.31E-02	2.11E-04	1.15E-04	1.25E-04	1.66E-04
SBS8	4.41E-02	4.78E-02	4.62E-03	4.70E-02	4.33E-03	2.95E-03	2.86E-04	5.71E-03	6.81E-03	2.82E-03	3.23E-03	1.25E-02	1.95E-02	2.13E-02	2.28E-02	2.50E-02	9.77E-03	5.01E-03	6.98E-03	1.49E-02	1.64E-03	6.68E-04	4.77E-03	7.40E-04	4.01E-02	3.88E-02	3.41E-03	3.30E-02	5.00E-03	5.46E-03	1.05E-05	5.49E-03	2.67E-03	4.02E-03	1.49E-03	1.45E-02	1.90E-02	2.92E-02	2.76E-02	4.18E-02	2.39E-03	7.00E-03	1.26E-03	6.46E-03	1.22E-03	1.95E-03	4.70E-03	5.74E-04	2.42E-02	2.62E-02	2.74E-03	2.69E-02	2.58E-03	2.39E-03	4.88E-04	4.86E-03	2.76E-04	2.45E-04	1.91E-03	4.61E-03	1.28E-02	1.35E-02	1.56E-02	2.81E-02	2.60E-03	2.62E-03	2.81E-03	6.29E-03	1.31E-03	6.56E-04	3.97E-03	1.29E-03	2.98E-02	2.51E-02	1.90E-03	3.19E-02	1.47E-03	1.34E-03	7.82E-05	2.49E-04	5.04E-03	2.52E-04	4.17E-05	5.27E-03	1.15E-02	1.95E-02	1.29E-02	3.79E-02	2.08E-03	2.64E-03	2.22E-16	4.57E-03	2.22E-16	1.14E-03	3.09E-03	9.96E-04
SBS9	5.58E-04	4.09E-03	4.26E-04	3.05E-03	4.84E-03	1.96E-03	1.36E-03	6.41E-03	8.10E-03	5.42E-03	4.38E-03	6.49E-03	1.27E-02	2.82E-03	2.76E-03	1.89E-02	2.03E-02	1.05E-02	1.43E-02	2.90E-02	4.51E-02	6.93E-03	5.33E-03	2.39E-02	4.80E-03	1.92E-03	1.37E-03	3.06E-03	8.93E-04	1.54E-03	4.37E-04	3.03E-03	7.24E-03	8.76E-03	6.51E-03	1.11E-02	4.79E-03	3.13E-03	5.31E-03	4.44E-03	1.37E-02	1.53E-02	1.54E-02	3.29E-02	2.60E-02	7.41E-03	1.42E-02	5.65E-02	7.72E-03	6.68E-03	1.71E-04	8.56E-03	1.36E-03	2.83E-03	5.21E-04	8.57E-03	6.98E-03	6.53E-03	4.76E-03	1.07E-02	2.65E-03	2.12E-03	7.88E-04	2.56E-03	9.52E-03	9.78E-03	6.31E-03	9.86E-03	8.30E-03	5.85E-03	3.97E-03	1.94E-02	1.70E-02	2.46E-03	4.45E-04	2.73E-02	2.69E-03	2.00E-03	4.04E-04	5.63E-03	4.27E-03	7.33E-03	3.26E-03	5.46E-03	2.60E-02	1.85E-03	1.67E-02	1.70E-02	1.40E-02	1.36E-02	9.31E-03	3.84E-02	6.57E-02	8.62E-03	1.09E-02	6.39E-02
SBS10a	2.19E-03	1.77E-03	1.50E-04	1.70E-02	2.23E-16	2.43E-05	2.23E-16	2.23E-16	1.04E-03	8.34E-04	5.57E-03	2.99E-03	5.07E-05	1.94E-04	2.23E-16	6.66E-03	7.45E-04	3.62E-03	2.14E-03	3.36E-03	1.92E-03	1.24E-03	3.20E-04	9.22E-03	3.18E-03	2.02E-04	4.64E-05	1.73E-02	4.57E-05	2.23E-16	2.01E-05	3.01E-05	3.68E-05	2.23E-16	2.23E-16	1.03E-04	2.23E-16	2.23E-16	2.23E-16	3.76E-04	1.22E-04	4.12E-05	1.05E-03	2.44E-06	1.55E-04	2.23E-16	5.35E-05	1.30E-03	1.21E-03	4.41E-04	1.05E-05	1.11E-02	1.50E-05	8.31E-05	2.23E-16	3.54E-05	4.22E-05	1.25E-02	1.49E-02	1.35E-02	3.31E-06	2.23E-16	7.30E-05	4.26E-04	2.20E-03	6.28E-03	2.23E-16	5.29E-03	2.04E-04	8.33E-04	2.23E-16	2.21E-03	9.40E-02	9.97E-03	1.16E-03	6.70E-01	5.55E-05	2.23E-16	2.23E-16	5.45E-05	3.66E-04	2.76E-03	2.79E-03	2.28E-02	2.04E-03	3.60E-04	6.93E-04	5.29E-03	7.30E-04	5.17E-03	3.63E-04	3.25E-03	2.69E-03	2.23E-16	2.16E-05	1.89E-02
SBS10b	1.82E-04	6.54E-03	5.35E-05	1.63E-05	3.05E-04	1.34E-04	2.22E-16	2.22E-16	5.49E-04	5.25E-03	4.14E-04	7.93E-03	1.82E-03	3.37E-04	2.34E-05	2.85E-03	9.35E-03	5.10E-04	5.31E-04	1.50E-04	3.47E-05	5.33E-05	5.23E-04	2.22E-16	5.21E-04	3.18E-03	8.38E-05	8.33E-03	2.99E-05	2.22E-16	2.22E-16	2.22E-16	1.51E-04	8.44E-05	3.70E-03	5.95E-04	7.09E-05	1.06E-04	2.22E-16	2.34E-04	1.32E-03	1.24E-04	2.53E-05	8.15E-04	2.27E-04	1.15E-03	4.79E-04	5.23E-03	7.31E-04	2.55E-03	8.52E-05	2.80E-03	1.72E-05	1.36E-04	2.22E-16	1.13E-04	3.63E-04	1.51E-02	1.26E-02	3.19E-02	2.22E-16	1.23E-04	2.22E-16	1.08E-04	1.47E-02	5.33E-03	1.38E-03	1.15E-02	4.81E-04	9.42E-04	1.73E-03	5.16E-03	4.46E-04	3.80E-03	5.73E-04	8.16E-02	2.22E-16	2.22E-16	2.22E-16	4.34E-05	2.73E-03	4.85E-02	4.37E-01	1.28E-01	3.06E-03	6.65E-04	7.06E-05	1.52E-03	8.86E-03	8.10E-05	6.68E-04	2.51E-05	1.13E-02	5.55E-03	2.76E-03	9.09E-02
SBS11	1.46E-04	5.52E-04	9.41E-05	2.66E-04	1.70E-04	2.90E-04	5.96E-05	5.35E-04	2.58E-02	1.47E-01	7.58E-03	1.09E-01	4.17E-04	4.41E-04	3.93E-05	3.40E-06	1.14E-03	9.38E-04	3.20E-04	1.19E-03	2.18E-04	4.67E-05	1.79E-04	2.85E-04	6.18E-04	9.86E-04	9.20E-06	1.50E-04	2.61E-04	1.77E-04	1.12E-05	9.64E-06	4.07E-03	1.26E-01	9.20E-04	6.51E-02	1.84E-04	2.12E-04	3.05E-04	1.62E-04	3.28E-04	7.13E-04	1.31E-04	8.45E-05	2.22E-16	2.22E-16	2.22E-16	1.33E-04	1.65E-04	4.05E-04	1.39E-05	2.22E-16	4.67E-05	1.14E-04	3.24E-06	1.86E-04	1.97E-02	1.15E-01	1.78E-03	6.96E-02	1.54E-06	3.75E-04	1.19E-04	1.64E-04	8.09E-04	8.60E-04	5.61E-04	2.37E-04	9.57E-05	2.22E-16	1.30E-04	1.54E-04	1.80E-04	9.38E-04	2.22E-16	4.73E-05	1.56E-05	2.24E-04	2.22E-16	1.85E-04	9.78E-03	1.58E-01	2.94E-07	1.19E-01	1.86E-04	2.02E-04	2.01E-04	6.74E-04	1.13E-04	4.67E-04	1.55E-04	1.06E-04	8.51E-05	6.73E-05	1.01E-04	5.55E-05
SBS12	4.52E-03	1.13E-03	5.40E-04	1.22E-03	1.22E-03	6.42E-04	7.51E-05	1.44E-03	5.51E-03	2.12E-03	1.18E-04	2.38E-03	5.17E-03	2.71E-03	3.12E-03	2.82E-03	7.36E-02	4.03E-02	7.05E-02	6.38E-02	2.01E-03	6.64E-04	8.08E-04	1.28E-03	5.42E-03	4.28E-03	1.17E-03	1.10E-03	1.34E-03	8.91E-04	1.73E-04	1.56E-03	6.59E-03	2.54E-04	4.09E-05	3.38E-03	5.46E-04	5.60E-03	1.41E-03	1.50E-03	4.54E-02	4.97E-02	3.74E-02	4.59E-02	8.93E-04	1.14E-03	5.93E-04	3.44E-04	1.98E-03	4.17E-04	4.47E-04	2.75E-05	5.64E-04	2.89E-04	9.54E-05	5.04E-04	4.48E-03	1.82E-03	7.46E-05	2.67E-03	8.26E-04	1.81E-03	2.51E-03	9.15E-04	7.11E-02	3.04E-02	4.15E-02	4.63E-02	4.12E-04	2.13E-04	4.96E-04	1.65E-04	3.48E-03	2.88E-03	5.05E-04	2.35E-03	9.69E-04	1.55E-03	2.14E-04	3.05E-03	5.52E-03	2.64E-03	8.85E-05	6.12E-03	3.75E-03	6.45E-03	2.77E-03	5.25E-03	8.61E-02	4.63E-02	4.00E-02	5.97E-02	1.63E-03	1.13E-03	8.75E-04	2.21E-03
SBS13	1.82E-03	7.21E-04	2.64E-04	3.48E-04	3.87E-03	9.51E-04	2.64E-04	4.00E-03	7.18E-03	2.22E-16	3.03E-04	3.18E-04	2.22E-16	6.52E-05	5.90E-04	6.06E-04	1.91E-03	1.42E-04	4.28E-04	9.59E-04	6.14E-05	2.22E-16	8.25E-05	3.20E-04	1.40E-03	9.68E-04	4.33E-06	2.22E-16	5.61E-03	6.48E-04	4.88E-04	6.40E-03	1.93E-05	1.35E-03	1.99E-03	1.45E-03	2.09E-04	3.42E-04	2.26E-04	5.23E-04	4.74E-05	1.22E-04	2.22E-16	1.12E-04	4.14E-05	2.82E-06	2.22E-16	5.55E-05	9.49E-04	4.51E-04	1.64E-04	6.15E-05	1.50E-03	4.79E-04	2.41E-04	2.70E-03	7.18E-03	9.21E-04	1.78E-04	1.27E-03	6.70E-06	1.30E-04	4.70E-05	3.58E-04	2.87E-04	1.82E-04	1.95E-04	2.22E-16	8.77E-05	2.22E-16	4.26E-04	2.89E-06	7.90E-02	2.94E-02	1.21E-02	3.55E-02	3.17E-01	6.35E-02	1.38E-02	3.69E-01	6.93E-03	4.48E-03	1.19E-03	1.42E-03	2.96E-04	2.32E-04	1.88E-04	6.20E-05	2.21E-05	2.49E-05	9.98E-05	5.31E-04	1.84E-04	2.22E-16	3.67E-05	1.89E-05
SBS14	1.12E-03	1.31E-02	4.13E-04	8.26E-02	2.22E-16	5.78E-06	3.91E-05	2.04E-04	1.24E-02	1.01E-02	2.65E-02	1.61E-02	6.13E-04	3.72E-04	3.54E-04	1.85E-03	1.26E-02	6.30E-03	1.24E-02	5.97E-03	2.12E-04	2.97E-03	7.09E-04	1.11E-02	1.63E-02	1.97E-02	1.38E-03	2.60E-01	8.55E-05	7.86E-05	1.91E-05	1.78E-04	2.73E-03	1.38E-03	1.16E-02	1.36E-03	1.55E-04	2.95E-03	3.17E-04	1.38E-03	3.16E-03	5.34E-03	4.47E-03	2.06E-03	4.85E-05	1.21E-03	4.35E-04	9.62E-04	2.08E-03	2.24E-02	1.11E-03	1.26E-01	2.22E-16	4.33E-05	2.22E-16	8.03E-05	1.71E-02	8.16E-03	1.92E-05	1.05E-02	5.77E-05	2.73E-03	1.20E-04	8.57E-04	1.10E-02	6.54E-03	1.10E-02	1.12E-02	7.79E-05	2.10E-03	7.81E-04	2.25E-03	3.47E-04	2.43E-02	7.08E-06	1.51E-01	1.97E-05	1.50E-04	1.83E-05	3.21E-04	3.54E-03	1.37E-04	5.32E-03	3.59E-04	2.00E-04	1.73E-03	3.57E-04	1.82E-03	6.27E-03	2.88E-03	4.31E-03	2.92E-03	9.92E-05	1.20E-03	1.14E-04	6.05E-04
SBS15	9.44E-04	4.97E-04	4.61E-05	1.11E-03	1.13E-04	2.69E-04	3.07E-05	3.25E-04	5.05E-03	6.91E-03	7.45E-02	1.78E-03	2.04E-03	8.41E-04	5.40E-04	9.54E-03	3.89E-03	1.96E-03	2.40E-04	9.29E-04	4.68E-04	4.15E-04	1.85E-04	3.63E-03	4.18E-02	5.05E-03	6.62E-05	2.87E-02	8.36E-05	1.70E-05	5.02E-05	8.45E-05	1.08E-02	1.11E-02	2.48E-02	1.56E-02	3.48E-04	2.44E-04	8.20E-05	1.05E-03	7.50E-04	2.15E-03	1.39E-03	1.75E-03	2.06E-04	1.57E-04	2.72E-04	2.49E-03	2.29E-03	2.49E-03	4.04E-04	1.82E-02	9.94E-04	6.08E-04	1.01E-05	4.51E-04	7.37E-02	1.29E-01	2.77E-01	7.72E-02	5.11E-04	5.89E-04	1.87E-04	8.40E-04	1.29E-02	1.16E-02	5.95E-03	5.86E-03	2.03E-04	5.80E-04	3.47E-04	1.39E-03	1.72E-02	5.81E-03	7.69E-05	8.05E-03	2.14E-04	6.12E-05	5.84E-05	1.74E-04	2.65E-02	9.56E-03	2.12E-02	1.74E-03	1.09E-03	1.57E-04	1.49E-04	4.75E-04	3.42E-03	5.92E-03	1.32E-03	1.35E-03	2.31E-04	2.94E-04	1.48E-04	5.99E-03
SBS16	1.60E-02	2.90E-03	1.02E-03	1.06E-02	1.74E-03	2.01E-03	8.47E-04	1.15E-02	1.76E-03	3.73E-03	3.27E-03	6.00E-03	2.31E-02	7.74E-03	8.81E-03	1.10E-02	2.42E-01	1.29E-02	6.39E-02	1.36E-01	1.12E-02	4.41E-03	4.62E-03	7.96E-03	1.04E-02	9.03E-03	1.74E-03	2.49E-03	3.55E-03	4.54E-03	1.46E-03	9.62E-03	7.17E-03	2.84E-03	6.91E-04	1.93E-02	3.21E-03	5.70E-03	1.03E-03	6.53E-03	1.07E-02	3.17E-03	9.61E-03	1.55E-02	3.96E-03	1.08E-03	2.24E-03	2.54E-03	8.61E-03	4.25E-03	1.36E-03	5.80E-03	1.05E-03	3.09E-03	8.13E-05	3.23E-03	6.50E-03	5.29E-03	1.17E-03	6.72E-03	9.40E-04	6.08E-04	5.55E-03	9.66E-04	2.06E-03	1.19E-03	4.28E-03	2.40E-03	9.02E-04	9.01E-04	6.75E-04	2.39E-03	1.08E-02	5.87E-03	1.49E-03	9.25E-03	2.51E-03	5.23E-03	4.39E-04	2.85E-02	6.36E-03	3.68E-03	3.02E-03	2.21E-02	1.23E-02	4.67E-03	5.18E-03	7.16E-03	1.30E-02	3.67E-03	7.23E-03	8.39E-03	9.78E-03	5.51E-03	5.24E-03	1.58E-02
SBS17a	2.07E-03	9.18E-04	4.76E-05	6.18E-05	1.01E-03	5.69E-04	1.52E-04	1.96E-05	1.22E-03	1.71E-03	3.95E-05	7.37E-04	1.01E-03	9.97E-04	2.00E-04	1.46E-03	9.65E-05	1.27E-02	3.76E-04	7.79E-03	8.51E-04	7.00E-04	7.19E-04	1.25E-02	2.95E-04	1.16E-03	2.22E-16	1.37E-04	5.53E-04	2.35E-04	2.32E-04	3.90E-05	8.21E-04	1.72E-03	1.90E-03	1.74E-03	4.34E-04	4.05E-02	1.24E-02	7.23E-02	1.11E-02	1.73E-01	8.73E-02	4.26E-01	3.10E-04	1.04E-03	1.94E-06	5.31E-03	1.78E-03	1.28E-03	1.06E-04	4.70E-05	8.78E-04	8.35E-04	2.37E-05	7.87E-04	1.64E-03	2.22E-16	1.61E-03	6.60E-05	6.46E-05	3.40E-03	6.95E-04	4.80E-03	1.23E-04	1.49E-02	3.57E-03	5.24E-03	4.95E-04	2.04E-04	8.35E-04	7.24E-03	1.90E-04	2.59E-05	2.22E-16	2.88E-04	3.75E-03	7.23E-04	3.80E-04	2.83E-04	5.32E-04	9.06E-05	1.77E-04	3.48E-04	1.19E-04	5.70E-03	1.83E-03	1.98E-03	2.09E-03	1.53E-02	2.35E-03	2.10E-02	2.22E-16	1.16E-04	9.20E-04	4.58E-03
SBS17b	6.08E-04	1.29E-04	5.82E-05	4.56E-04	1.46E-04	4.34E-05	2.23E-16	3.19E-04	5.71E-04	7.03E-05	2.87E-04	1.47E-04	6.26E-05	2.89E-04	6.57E-05	6.33E-04	9.73E-05	2.52E-04	2.23E-16	5.44E-04	1.41E-03	4.48E-03	9.90E-04	6.91E-02	2.71E-04	4.11E-05	2.23E-16	1.82E-04	1.94E-04	4.66E-05	2.23E-16	1.93E-04	4.57E-04	5.89E-05	5.43E-04	1.36E-04	9.36E-05	2.24E-03	7.17E-04	7.79E-03	6.47E-04	6.46E-03	3.92E-03	1.83E-02	2.05E-03	3.14E-02	1.37E-02	5.50E-01	9.98E-04	2.78E-06	9.24E-05	5.34E-04	5.99E-05	5.55E-05	2.23E-16	2.23E-16	6.11E-05	1.57E-04	8.55E-04	2.23E-16	9.73E-05	3.47E-04	2.41E-04	1.58E-03	5.95E-05	1.50E-03	1.01E-03	1.47E-03	2.81E-04	6.25E-03	1.48E-03	1.14E-01	1.24E-05	2.23E-16	9.51E-05	2.57E-03	1.60E-04	6.18E-05	1.55E-05	1.50E-03	1.08E-04	6.04E-04	6.24E-05	8.95E-04	1.19E-03	2.42E-04	2.23E-16	1.31E-03	1.06E-03	1.10E-03	1.21E-03	1.00E-03	1.22E-05	8.75E-03	4.78E-03	1.22E-01
SBS18	5.15E-02	1.58E-02	2.43E-03	2.14E-02	1.73E-03	2.59E-03	1.92E-03	4.08E-03	9.20E-03	4.65E-03	1.22E-02	7.97E-03	2.49E-03	8.78E-04	2.60E-03	7.84E-03	2.02E-03	2.09E-03	2.08E-03	4.24E-03	7.21E-04	8.58E-04	1.99E-03	1.84E-03	7.40E-02	1.96E-02	1.20E-02	3.63E-02	6.13E-04	2.26E-03	3.58E-03	3.79E-03	1.17E-02	6.76E-03	1.68E-02	6.65E-03	5.42E-04	3.06E-03	3.21E-03	2.26E-03	3.86E-04	2.46E-03	1.62E-03	2.56E-03	1.11E-04	1.99E-03	2.93E-03	4.14E-03	1.09E-01	1.73E-02	7.56E-03	6.23E-02	6.35E-04	1.34E-03	6.39E-04	1.23E-03	9.68E-03	8.17E-03	1.48E-02	6.69E-03	1.60E-03	1.95E-03	1.83E-03	3.46E-03	7.08E-04	2.26E-03	3.98E-03	3.15E-03	8.70E-04	3.70E-05	5.83E-03	2.14E-03	7.38E-02	4.36E-02	1.27E-02	1.22E-01	2.14E-03	4.64E-03	8.99E-04	3.18E-03	1.14E-02	1.14E-02	1.18E-02	3.75E-03	1.08E-02	2.73E-03	1.79E-03	7.10E-03	1.80E-03	6.18E-03	3.26E-03	3.37E-03	6.96E-04	2.10E-03	1.45E-03	5.16E-03
SBS19	1.27E-03	6.41E-04	2.46E-04	5.71E-04	3.19E-03	1.79E-03	6.16E-04	2.14E-03	2.80E-02	1.41E-02	1.55E-03	3.68E-02	7.86E-04	2.55E-04	9.52E-04	6.54E-04	2.59E-03	5.94E-04	2.31E-03	1.74E-03	2.33E-03	1.89E-03	1.77E-03	1.62E-03	1.32E-03	7.67E-04	2.36E-04	3.44E-05	1.77E-03	1.81E-03	4.81E-05	3.22E-03	1.19E-01	9.20E-02	1.57E-02	2.58E-01	9.60E-05	4.03E-04	2.94E-04	2.18E-04	4.52E-04	8.14E-05	4.98E-04	3.91E-04	7.14E-04	2.09E-03	1.33E-03	2.20E-03	8.14E-04	2.72E-04	2.05E-04	2.73E-04	1.31E-03	1.29E-03	5.97E-04	3.20E-04	6.10E-02	3.97E-02	3.21E-03	1.09E-01	1.89E-04	7.78E-05	4.86E-04	2.83E-04	9.54E-04	3.71E-04	9.53E-04	2.36E-03	6.36E-04	7.03E-04	5.10E-04	3.41E-04	1.38E-03	1.13E-03	2.85E-04	1.38E-03	1.75E-03	3.12E-03	4.41E-04	1.61E-03	4.39E-02	2.50E-02	4.32E-03	6.29E-02	4.94E-04	4.75E-04	3.73E-04	6.73E-04	1.24E-03	5.53E-04	1.08E-03	1.47E-03	1.66E-03	2.02E-03	2.07E-03	4.23E-03
SBS20	6.19E-04	1.39E-03	2.18E-05	1.24E-03	8.77E-03	1.51E-03	4.69E-04	4.42E-03	4.93E-02	1.30E-02	1.33E-02	1.30E-02	5.11E-04	5.19E-03	3.03E-04	2.56E-02	1.07E-02	4.55E-03	1.86E-02	1.03E-04	1.05E-05	2.13E-05	2.69E-05	5.82E-05	3.76E-02	9.89E-02	7.43E-03	2.52E-01	7.69E-05	4.38E-06	1.88E-04	1.01E-05	1.06E-02	1.30E-02	1.65E-02	1.17E-02	1.44E-04	6.48E-03	1.23E-04	1.02E-04	1.17E-02	4.83E-03	2.61E-02	6.90E-03	9.63E-04	1.60E-03	2.71E-03	5.11E-03	1.08E-02	5.65E-03	1.57E-03	2.49E-03	6.69E-04	2.86E-03	6.92E-04	3.02E-03	4.22E-02	5.32E-02	2.05E-02	3.31E-02	5.56E-05	2.56E-03	2.13E-03	4.30E-03	2.76E-03	2.26E-03	4.06E-03	9.28E-04	2.22E-16	6.65E-05	8.70E-05	3.56E-03	1.71E-03	3.37E-03	2.22E-16	9.04E-04	1.29E-04	2.82E-05	1.24E-04	1.12E-03	8.07E-03	9.19E-03	2.64E-03	5.00E-05	1.20E-02	3.18E-04	1.76E-04	6.71E-03	1.38E-02	1.66E-02	1.20E-02	1.93E-02	2.22E-16	2.22E-16	2.79E-03	1.51E-03
SBS21	1.57E-04	2.36E-03	2.94E-04	6.21E-04	1.69E-05	7.19E-04	2.22E-16	6.19E-05	2.17E-03	3.92E-03	7.40E-03	4.17E-05	3.46E-03	5.65E-03	2.48E-04	1.60E-03	1.67E-02	1.00E-02	3.88E-03	2.56E-02	3.92E-04	4.37E-04	1.87E-04	6.95E-05	2.22E-16	2.60E-03	1.98E-03	1.91E-02	1.97E-05	2.73E-04	1.01E-05	1.73E-04	1.35E-03	5.16E-03	6.22E-03	3.25E-04	6.19E-06	6.88E-04	1.25E-04	2.22E-16	1.15E-02	2.82E-03	1.44E-02	2.17E-02	4.35E-06	5.44E-05	2.01E-05	1.85E-04	2.14E-03	7.07E-03	1.69E-03	8.90E-03	3.88E-04	1.42E-03	1.17E-04	2.07E-04	9.32E-03	1.96E-02	4.34E-05	8.05E-03	1.17E-03	3.26E-03	7.42E-04	9.37E-04	2.23E-01	6.63E-02	1.17E-01	1.33E-01	2.86E-04	5.33E-04	2.13E-04	2.59E-03	1.46E-03	2.36E-04	6.83E-05	2.22E-16	6.54E-04	6.31E-04	6.27E-05	6.87E-04	3.60E-03	8.07E-05	3.17E-04	7.31E-05	2.57E-04	7.95E-04	9.85E-05	7.64E-05	8.42E-02	5.48E-02	2.76E-02	4.07E-02	4.65E-04	3.79E-04	1.31E-04	2.22E-16
SBS22	6.01E-03	9.54E-05	7.65E-04	1.72E-03	1.66E-03	1.95E-04	2.31E-04	6.20E-05	1.76E-03	2.20E-04	1.36E-03	6.16E-04	6.39E-02	7.01E-03	6.06E-02	2.51E-03	2.50E-02	8.99E-04	7.75E-03	7.55E-04	2.33E-03	5.09E-05	2.95E-03	4.18E-05	1.83E-03	4.43E-03	1.36E-04	1.10E-04	1.05E-03	7.85E-04	2.39E-04	3.20E-04	1.21E-03	3.19E-03	4.26E-04	1.60E-03	1.28E-01	5.51E-02	1.68E-01	6.03E-02	6.74E-03	1.34E-03	2.03E-03	5.36E-04	4.91E-03	8.80E-04	8.03E-03	1.19E-03	2.23E-03	1.73E-03	5.15E-04	5.51E-04	1.40E-03	9.30E-04	2.11E-04	4.55E-04	2.38E-03	1.87E-03	2.22E-16	1.76E-03	5.37E-02	1.02E-02	3.75E-02	9.32E-03	7.21E-04	1.24E-03	5.81E-04	8.34E-04	1.59E-03	2.36E-04	4.50E-04	1.96E-05	7.84E-04	1.74E-03	2.22E-16	3.96E-04	3.56E-03	1.52E-03	3.81E-04	3.88E-04	1.59E-03	1.32E-03	3.77E-05	2.22E-16	7.18E-02	2.36E-02	7.32E-02	3.01E-02	4.63E-03	2.22E-16	1.22E-03	2.22E-16	5.06E-03	7.52E-04	5.57E-03	5.95E-04
SBS23	8.35E-04	3.99E-04	9.85E-08	5.61E-18	5.74E-18	4.08E-05	2.86E-18	5.61E-18	2.26E-02	8.09E-02	8.72E-03	3.50E-02	8.28E-18	5.56E-18	3.54E-04	1.61E-04	8.86E-04	1.78E-04	4.70E-04	2.61E-04	8.28E-18	5.43E-18	5.68E-18	7.43E-18	1.51E-04	6.30E-04	1.30E-04	5.80E-04	1.74E-04	2.55E-04	1.86E-18	2.27E-04	6.22E-02	1.89E-01	1.42E-02	1.56E-01	4.62E-04	4.47E-18	1.32E-04	3.75E-04	6.86E-18	4.47E-18	3.89E-04	4.71E-05	6.85E-18	1.48E-04	6.52E-05	2.47E-04	3.37E-04	5.41E-04	1.19E-04	3.09E-05	4.32E-18	1.27E-04	1.83E-18	4.04E-18	5.37E-02	1.54E-01	1.23E-02	1.07E-01	6.26E-18	1.40E-04	4.68E-18	5.78E-18	2.18E-04	4.18E-04	4.68E-18	7.99E-04	6.26E-18	8.69E-05	1.57E-04	5.78E-18	2.13E-03	6.64E-04	9.12E-05	2.40E-04	2.11E-04	2.66E-04	2.56E-18	4.66E-04	1.53E-02	4.36E-02	2.87E-03	2.63E-02	7.77E-18	5.27E-18	1.85E-04	7.32E-18	7.77E-18	1.90E-04	3.02E-04	7.32E-18	1.86E-04	5.27E-18	1.82E-04	7.32E-18
SBS24	3.64E-02	2.65E-02	1.48E-02	2.20E-02	3.34E-03	3.67E-03	9.20E-04	2.85E-03	1.18E-02	1.12E-02	5.14E-04	9.15E-03	1.58E-03	2.25E-03	2.00E-03	1.80E-03	6.40E-03	2.18E-03	1.76E-03	2.44E-03	3.21E-03	1.40E-03	2.06E-03	4.71E-03	2.54E-02	3.49E-02	1.60E-02	1.71E-02	2.61E-03	5.22E-03	9.45E-04	4.71E-03	5.38E-03	8.85E-03	6.35E-03	4.29E-03	1.32E-03	1.87E-03	5.03E-03	4.80E-03	2.27E-03	2.24E-03	4.22E-03	3.63E-03	1.43E-03	8.80E-04	3.04E-03	4.71E-03	6.22E-02	1.28E-01	6.59E-02	5.44E-02	2.72E-03	5.79E-03	3.14E-03	3.38E-03	2.99E-02	4.37E-02	2.54E-02	2.03E-02	1.57E-03	2.35E-03	2.49E-03	1.31E-03	3.70E-03	3.65E-03	2.67E-03	3.99E-03	1.07E-03	1.53E-03	3.13E-03	2.68E-03	2.98E-02	5.19E-02	9.79E-03	2.28E-02	3.75E-03	5.58E-03	1.35E-03	4.07E-03	2.40E-03	1.22E-02	2.69E-03	4.71E-03	4.12E-03	3.27E-03	1.99E-03	2.19E-03	1.46E-03	3.00E-03	2.03E-03	3.67E-03	1.23E-04	2.64E-03	3.04E-03	3.96E-03
SBS25	9.90E-03	7.00E-03	1.45E-03	4.97E-03	8.03E-03	1.64E-03	0.00E+00	3.43E-03	2.10E-02	1.31E-02	1.97E-02	5.73E-03	2.04E-02	8.89E-03	6.24E-03	1.49E-02	2.07E-02	9.50E-03	1.99E-02	1.45E-02	5.28E-03	0.00E+00	7.14E-03	0.00E+00	1.48E-02	7.82E-03	1.28E-03	1.26E-02	7.20E-03	4.60E-03	8.24E-04	1.96E-04	1.43E-02	5.94E-03	1.16E-02	1.36E-02	2.63E-02	1.58E-02	6.29E-02	3.66E-02	9.03E-03	1.08E-02	1.34E-02	8.96E-03	0.00E+00	2.89E-03	1.18E-02	8.55E-03	1.35E-02	6.47E-03	6.58E-04	1.05E-02	4.17E-03	2.39E-03	4.18E-04	1.99E-03	1.00E-02	6.95E-03	1.05E-02	9.82E-03	3.62E-02	5.85E-03	3.82E-02	2.02E-02	1.75E-02	4.05E-03	1.34E-02	1.42E-02	5.55E-03	0.00E+00	8.69E-03	2.77E-03	6.94E-03	1.02E-02	0.00E+00	2.46E-02	9.80E-03	3.27E-03	2.06E-03	1.64E-02	1.11E-02	6.45E-03	1.41E-02	1.24E-02	2.18E-02	3.41E-03	1.02E-02	1.45E-02	1.45E-02	7.41E-03	4.89E-03	1.70E-02	2.08E-03	5.79E-04	9.43E-03	7.87E-03
SBS26	8.73E-04	5.28E-04	1.14E-04	6.19E-04	4.27E-04	3.78E-04	6.83E-05	7.28E-04	2.66E-03	2.54E-03	5.33E-03	2.79E-03	1.52E-03	3.52E-03	6.25E-04	3.07E-03	8.48E-02	2.61E-02	7.85E-02	3.72E-02	2.92E-03	2.53E-03	2.29E-03	5.93E-03	1.41E-03	1.51E-03	3.62E-04	7.14E-03	3.64E-04	3.22E-04	4.17E-05	6.25E-04	1.69E-03	2.83E-03	3.34E-03	1.65E-03	9.44E-04	1.45E-03	1.14E-03	6.42E-04	5.20E-02	3.12E-02	7.87E-02	5.55E-02	1.42E-03	4.94E-03	5.56E-03	7.80E-03	4.96E-04	6.66E-04	1.29E-04	8.17E-04	3.95E-04	5.79E-04	7.38E-05	3.05E-04	2.75E-03	5.45E-03	6.68E-03	4.98E-03	7.83E-04	1.15E-03	6.08E-04	8.34E-04	8.35E-02	2.48E-02	7.12E-02	5.52E-02	1.37E-03	1.21E-03	2.35E-03	6.05E-03	9.38E-04	6.30E-04	1.23E-04	1.40E-03	1.31E-03	7.45E-04	9.41E-05	2.21E-03	3.29E-03	2.53E-03	2.63E-03	2.13E-03	1.13E-03	1.26E-03	2.78E-04	1.31E-03	4.23E-02	3.14E-02	3.03E-02	5.74E-02	1.43E-03	1.72E-03	2.84E-03	9.45E-03
SBS27	5.21E-03	4.74E-03	7.83E-04	2.72E-03	1.32E-03	1.77E-03	0.00E+00	1.32E-03	1.37E-02	5.42E-03	6.71E-03	4.48E-03	1.43E-01	1.46E-03	1.23E-03	2.54E-03	5.05E-03	1.85E-03	5.69E-03	2.59E-03	1.14E-03	9.59E-04	6.77E-05	2.56E-04	5.07E-03	2.23E-03	2.66E-04	3.10E-03	4.73E-03	1.26E-03	3.61E-04	2.68E-04	1.74E-02	7.14E-03	7.50E-03	7.15E-03	3.31E-01	2.81E-03	4.40E-03	5.43E-03	4.90E-03	5.72E-03	5.66E-03	3.90E-03	0.00E+00	3.81E-04	4.03E-04	1.44E-03	1.08E-02	1.24E-02	1.63E-03	7.41E-03	1.42E-03	1.35E-03	0.00E+00	4.56E-03	1.42E-02	2.01E-02	9.37E-03	7.59E-03	1.10E-01	2.35E-05	1.57E-03	0.00E+00	4.78E-03	1.96E-03	1.23E-03	3.75E-03	0.00E+00	5.08E-05	4.74E-03	2.30E-03	7.08E-03	6.27E-03	1.45E-03	9.81E-03	2.87E-03	3.11E-03	1.28E-05	2.13E-03	1.88E-02	7.99E-03	4.61E-03	1.19E-02	5.28E-02	4.71E-05	0.00E+00	1.93E-03	1.72E-03	3.49E-03	1.15E-03	1.53E-03	1.19E-03	2.80E-04	2.35E-03	1.40E-04
SBS28	7.84E-04	2.53E-03	3.53E-04	3.97E-03	1.54E-04	2.24E-04	2.22E-16	8.33E-05	7.77E-04	3.38E-03	7.05E-03	5.06E-03	1.72E-04	4.78E-04	1.52E-04	1.70E-03	5.49E-04	4.41E-04	4.05E-04	5.95E-04	9.87E-03	1.73E-02	7.68E-03	1.15E-01	2.03E-03	1.09E-04	2.22E-16	2.03E-04	1.44E-05	7.55E-05	2.22E-16	2.22E-16	2.92E-04	2.10E-04	2.55E-03	3.32E-03	1.40E-04	1.35E-03	8.06E-04	1.03E-03	1.32E-03	2.62E-03	2.49E-03	3.67E-04	1.46E-02	2.21E-02	1.55E-02	1.01E-01	1.56E-04	1.02E-03	3.95E-05	1.58E-04	1.83E-04	2.22E-16	2.22E-16	2.22E-16	3.25E-03	1.88E-04	2.15E-04	1.02E-04	1.16E-04	1.18E-04	7.17E-05	3.24E-04	4.91E-04	5.87E-04	7.31E-04	8.51E-04	1.16E-03	1.93E-03	3.13E-03	2.06E-02	1.43E-02	4.52E-04	1.29E-04	5.57E-04	1.15E-04	1.36E-04	2.46E-05	1.43E-04	4.84E-03	4.13E-03	1.74E-03	1.99E-03	1.88E-04	1.25E-03	3.21E-04	5.72E-03	1.31E-03	2.05E-03	1.41E-03	2.06E-03	4.23E-02	3.57E-02	1.40E-02	4.79E-01
SBS29	6.32E-02	5.12E-02	1.92E-02	3.56E-02	3.14E-03	2.63E-03	8.96E-04	2.49E-03	5.09E-03	4.31E-03	2.01E-02	1.83E-03	6.19E-04	2.00E-03	2.48E-03	1.96E-03	1.96E-03	2.29E-03	2.75E-03	1.15E-03	4.07E-04	8.17E-04	4.20E-04	8.10E-04	5.42E-02	3.69E-02	1.48E-02	5.19E-02	3.29E-03	6.34E-03	1.30E-03	6.69E-03	7.61E-03	1.64E-03	1.53E-02	6.73E-04	1.95E-03	1.41E-03	1.98E-03	1.98E-03	1.18E-03	1.84E-03	3.91E-03	1.78E-03	7.81E-04	5.69E-06	3.32E-04	7.67E-04	9.71E-02	9.03E-02	2.30E-02	8.46E-02	2.27E-03	1.64E-03	6.88E-06	3.21E-03	1.04E-02	7.96E-03	1.83E-02	5.12E-03	3.43E-03	7.89E-04	3.66E-03	1.07E-03	1.08E-03	3.59E-03	2.99E-03	1.55E-03	4.49E-05	9.17E-05	7.70E-04	1.15E-03	4.52E-02	4.11E-02	1.74E-02	4.11E-02	1.07E-04	6.83E-03	8.97E-04	3.36E-04	6.39E-03	3.61E-18	1.44E-02	4.28E-03	7.64E-04	1.93E-03	9.24E-04	1.20E-03	2.59E-03	1.50E-03	3.79E-04	8.22E-04	4.67E-04	9.93E-05	1.80E-04	9.28E-04
SBS30	1.80E-03	5.06E-04	9.13E-05	5.56E-04	1.07E-03	4.67E-04	1.31E-04	7.31E-04	1.06E-01	9.04E-02	1.44E-02	2.93E-02	3.63E-04	3.93E-04	6.38E-04	4.90E-04	6.11E-04	4.58E-04	2.77E-04	5.45E-04	3.90E-05	1.10E-04	4.10E-04	7.94E-04	7.68E-04	3.88E-04	4.07E-04	2.97E-04	1.27E-03	7.93E-04	1.20E-04	1.02E-03	1.10E-01	1.03E-01	1.68E-02	4.62E-02	2.14E-04	7.77E-04	5.87E-04	6.12E-04	1.27E-03	1.38E-03	1.27E-03	4.10E-03	1.98E-04	2.15E-04	7.85E-05	2.65E-04	9.43E-04	4.94E-04	2.22E-16	8.62E-04	5.15E-04	2.56E-04	1.17E-04	3.99E-04	4.97E-02	6.10E-02	5.24E-03	1.77E-02	3.29E-04	1.82E-04	9.86E-05	1.91E-04	9.35E-04	5.55E-04	5.01E-04	4.45E-04	1.88E-04	3.53E-04	1.38E-03	1.60E-04	6.96E-04	2.43E-04	8.26E-05	6.65E-04	1.27E-04	9.86E-04	1.06E-04	1.09E-04	9.80E-02	1.34E-01	1.47E-02	5.25E-02	2.82E-04	2.41E-04	1.90E-04	7.01E-04	5.44E-04	2.86E-04	2.03E-04	4.45E-04	1.18E-04	9.64E-05	8.13E-04	8.89E-03
SBS31	9.54E-03	1.85E-02	1.66E-03	6.28E-03	8.32E-03	3.16E-03	3.00E-03	3.78E-03	1.77E-02	9.28E-03	7.59E-03	1.01E-02	7.86E-03	6.07E-03	5.03E-03	4.16E-03	2.04E-02	7.40E-03	8.12E-03	8.47E-03	3.68E-03	2.48E-03	4.02E-03	7.83E-04	1.07E-02	1.16E-02	3.29E-04	2.79E-02	2.05E-03	1.86E-03	8.54E-04	3.42E-03	4.12E-02	1.64E-01	8.20E-03	1.45E-01	2.06E-02	2.11E-02	1.87E-02	3.10E-02	8.15E-03	9.91E-03	4.46E-03	1.38E-02	1.97E-03	1.43E-03	1.50E-03	9.49E-04	1.31E-02	2.15E-02	9.72E-04	3.51E-03	1.83E-03	7.51E-03	4.57E-04	3.36E-03	6.80E-03	1.14E-02	1.97E-03	5.70E-03	1.90E-03	2.91E-03	5.77E-03	7.89E-04	4.53E-03	6.57E-03	5.13E-03	4.69E-03	3.04E-04	8.72E-04	2.55E-03	2.81E-03	1.86E-03	9.38E-03	9.55E-04	4.49E-03	3.96E-04	2.92E-03	4.16E-04	4.24E-03	7.48E-03	2.46E-02	8.41E-03	1.95E-02	6.70E-03	3.75E-03	3.27E-03	8.88E-03	4.59E-03	1.03E-02	4.01E-03	1.21E-02	2.25E-03	2.38E-03	5.35E-03	7.30E-03
SBS32	2.23E-02	1.88E-02	4.46E-03	1.46E-02	1.99E-03	2.03E-03	1.13E-03	1.75E-03	8.64E-02	1.23E-01	3.66E-02	1.52E-01	7.13E-04	8.87E-04	7.12E-04	8.44E-04	9.36E-04	7.01E-04	1.09E-03	6.10E-04	3.86E-04	4.29E-04	1.27E-03	6.45E-18	1.24E-03	4.92E-03	1.66E-05	2.67E-03	1.15E-03	8.24E-04	5.37E-04	4.95E-04	1.69E-02	2.84E-02	1.12E-02	4.28E-02	3.25E-04	6.50E-04	1.41E-03	6.63E-04	5.93E-04	9.27E-04	1.84E-03	1.09E-03	5.81E-05	4.50E-04	1.09E-03	6.76E-04	4.51E-03	3.62E-03	8.77E-04	3.27E-03	8.76E-04	9.00E-04	6.86E-05	2.28E-04	2.26E-02	3.79E-02	1.04E-02	5.32E-02	8.79E-03	8.22E-03	1.31E-02	6.16E-03	9.14E-03	7.67E-03	9.62E-03	1.29E-02	1.15E-03	7.40E-04	3.01E-03	7.85E-04	9.73E-03	9.29E-03	2.38E-03	9.64E-03	4.71E-18	1.10E-03	9.97E-04	6.92E-04	2.48E-02	3.87E-02	9.85E-03	6.70E-02	5.12E-04	2.45E-03	1.76E-03	7.11E-04	8.97E-04	1.22E-03	1.69E-03	6.84E-04	2.26E-05	2.24E-04	8.18E-04	6.35E-04
SBS33	3.11E-03	2.23E-03	4.14E-04	1.90E-03	1.41E-03	1.30E-03	2.53E-04	1.30E-03	5.31E-03	2.13E-03	7.16E-03	3.07E-03	8.68E-04	1.14E-03	6.96E-04	5.07E-03	1.25E-02	3.75E-03	7.34E-02	9.21E-03	9.79E-04	3.02E-04	4.75E-04	7.58E-04	2.70E-03	1.91E-03	3.71E-04	2.53E-03	1.50E-03	4.10E-04	3.18E-04	6.62E-04	4.59E-03	1.53E-03	5.88E-03	2.70E-03	7.46E-04	9.92E-04	4.79E-04	1.12E-03	1.51E-02	3.01E-02	4.00E-02	3.07E-03	7.28E-04	9.49E-04	1.07E-03	1.92E-04	4.41E-03	9.68E-04	3.42E-04	3.19E-03	7.71E-04	7.76E-04	4.66E-05	9.31E-04	5.35E-03	5.14E-03	5.84E-03	3.93E-03	8.10E-04	3.62E-04	8.27E-04	1.76E-03	1.22E-02	7.94E-03	2.07E-01	9.71E-03	5.81E-04	6.37E-04	5.42E-03	4.51E-04	1.19E-02	5.11E-03	1.37E-03	1.28E-02	1.30E-02	2.51E-03	8.04E-05	2.01E-02	1.47E-02	3.17E-03	3.85E-03	9.04E-03	4.10E-03	2.17E-04	6.60E-04	2.72E-03	1.10E-02	1.25E-02	3.20E-01	9.12E-03	4.68E-04	1.64E-04	9.59E-04	2.25E-03
SBS34	4.87E-03	6.96E-03	5.20E-05	1.23E-03	7.62E-04	1.13E-03	2.22E-16	2.03E-03	3.52E-03	3.71E-03	1.18E-04	3.87E-03	1.03E-01	4.44E-02	3.46E-02	3.16E-01	4.62E-03	1.23E-03	1.95E-05	2.34E-03	2.82E-03	4.62E-04	1.97E-04	1.15E-03	1.95E-03	3.67E-05	2.98E-04	6.20E-04	1.19E-04	1.18E-04	1.90E-04	7.36E-05	4.75E-03	5.14E-04	9.45E-03	3.53E-05	2.37E-02	4.09E-04	1.17E-03	2.68E-04	5.94E-04	4.04E-05	8.11E-04	1.59E-03	1.06E-03	2.22E-16	4.36E-04	6.55E-07	2.81E-03	4.68E-04	2.27E-04	1.35E-05	3.34E-05	1.93E-04	2.22E-16	2.69E-05	2.33E-04	2.22E-16	1.67E-02	5.17E-04	1.90E-02	2.42E-03	6.53E-03	7.48E-03	1.09E-04	6.46E-04	4.40E-04	2.22E-16	3.65E-04	2.22E-16	5.65E-05	4.17E-04	4.27E-03	1.22E-03	2.22E-16	3.20E-05	6.18E-07	1.40E-04	2.22E-16	2.15E-03	1.86E-03	2.89E-04	3.00E-04	8.08E-04	2.72E-01	2.22E-16	7.77E-03	4.60E-02	1.40E-03	6.24E-03	1.10E-03	7.08E-03	2.22E-16	2.22E-16	1.52E-03	2.32E-04
SBS35	8.83E-03	4.62E-02	1.39E-03	2.16E-02	3.58E-03	4.55E-03	3.46E-04	9.48E-03	2.21E-03	3.99E-03	5.80E-04	9.00E-04	4.89E-03	7.36E-03	1.33E-03	7.37E-03	2.04E-03	8.21E-04	9.20E-04	2.03E-03	3.05E-03	9.66E-04	4.48E-03	2.63E-03	2.99E-02	3.30E-02	2.20E-03	8.25E-02	3.86E-03	6.30E-03	8.70E-04	1.62E-02	5.10E-03	8.32E-02	2.67E-03	4.70E-02	5.26E-02	3.30E-02	5.82E-02	6.64E-02	1.33E-03	2.02E-03	1.56E-03	3.18E-03	3.71E-03	5.18E-04	6.36E-03	2.71E-03	9.87E-03	5.02E-02	5.07E-04	2.29E-02	3.38E-03	2.14E-02	5.91E-04	8.74E-03	7.29E-03	1.78E-02	2.53E-03	6.03E-03	7.17E-04	5.56E-03	1.12E-03	2.86E-03	5.65E-04	2.03E-03	1.91E-04	4.21E-04	1.76E-03	5.07E-03	4.04E-03	3.35E-03	5.27E-03	2.31E-02	9.47E-05	1.53E-02	6.63E-03	5.63E-03	1.55E-04	2.12E-02	2.96E-03	1.26E-02	7.65E-04	8.04E-03	4.30E-03	5.30E-03	1.38E-03	5.41E-03	3.68E-04	8.22E-04	4.38E-04	1.06E-03	4.29E-03	1.94E-03	4.82E-03	3.62E-03
SBS36	2.52E-02	8.32E-03	2.24E-03	1.79E-02	1.84E-03	1.67E-03	5.00E-04	1.91E-03	5.96E-03	3.28E-03	7.07E-03	4.31E-03	2.44E-03	1.43E-03	2.53E-03	3.07E-03	5.25E-03	1.69E-03	3.84E-03	5.12E-03	1.09E-03	6.23E-04	9.36E-04	9.84E-04	5.58E-02	2.02E-02	7.10E-03	6.05E-02	1.24E-03	1.37E-03	4.19E-04	2.09E-03	6.75E-03	6.68E-03	5.33E-03	5.75E-03	1.26E-03	1.46E-03	2.14E-03	1.96E-03	1.50E-03	1.88E-03	1.85E-03	2.16E-03	4.78E-04	5.66E-04	8.87E-04	1.07E-03	6.77E-02	1.92E-02	4.83E-03	6.90E-02	8.86E-04	1.08E-03	1.72E-04	1.05E-03	3.72E-03	3.40E-03	5.70E-03	3.63E-03	8.80E-04	6.31E-04	1.17E-03	1.12E-03	2.34E-03	1.40E-03	1.84E-03	2.65E-03	1.85E-04	3.13E-04	1.53E-03	4.89E-04	1.41E-01	7.72E-02	1.47E-02	2.08E-01	3.98E-03	2.41E-03	3.02E-04	7.59E-03	1.07E-02	6.86E-03	3.89E-03	8.33E-03	2.46E-03	1.02E-03	8.72E-04	2.70E-03	2.97E-03	2.28E-03	1.38E-03	2.80E-03	7.88E-04	7.44E-04	9.02E-04	1.81E-03
SBS37	3.95E-03	1.45E-03	1.06E-03	1.85E-03	3.43E-02	1.12E-02	5.35E-03	1.88E-02	6.24E-03	3.06E-03	6.33E-03	5.65E-03	2.25E-03	1.66E-03	2.49E-03	2.77E-03	7.33E-02	3.84E-02	1.68E-02	4.80E-02	2.17E-02	1.06E-02	1.68E-02	2.47E-02	3.22E-03	8.14E-04	7.47E-04	1.77E-03	4.42E-04	3.13E-04	3.21E-04	5.81E-04	3.61E-03	2.10E-03	3.27E-03	6.06E-03	1.57E-03	1.16E-03	1.60E-03	2.06E-03	5.00E-02	2.18E-02	9.95E-03	5.04E-02	2.60E-03	2.38E-03	3.77E-03	4.11E-03	2.04E-03	6.29E-04	5.06E-04	1.29E-03	1.32E-03	9.38E-04	5.77E-04	1.27E-03	2.55E-03	2.31E-03	4.32E-03	2.32E-03	1.15E-03	7.74E-04	1.08E-03	1.68E-03	3.07E-02	1.82E-02	9.83E-03	4.00E-02	1.18E-02	6.86E-03	9.83E-03	1.71E-02	2.00E-03	1.59E-03	1.12E-03	2.44E-03	1.79E-03	1.11E-03	8.60E-04	2.55E-03	4.02E-03	2.50E-03	3.43E-03	5.84E-03	2.45E-03	1.13E-03	1.28E-03	1.95E-03	4.77E-02	4.51E-02	1.00E-02	6.14E-02	1.83E-02	1.95E-02	3.02E-02	2.91E-02
SBS38	1.28E-02	1.01E-02	1.90E-03	8.85E-03	2.69E-03	1.58E-03	6.36E-04	2.44E-03	3.45E-03	2.15E-03	5.18E-03	2.44E-03	1.99E-03	1.94E-03	1.08E-03	2.72E-03	2.79E-03	1.64E-03	2.17E-03	3.49E-03	1.15E-03	1.07E-03	2.07E-03	2.86E-03	3.81E-01	6.95E-02	5.10E-02	1.84E-01	1.69E-03	1.26E-03	9.57E-04	1.27E-03	4.24E-03	4.73E-03	3.50E-03	4.10E-03	8.97E-04	2.02E-03	1.78E-03	2.36E-03	1.95E-03	2.32E-03	2.54E-03	4.27E-03	9.83E-04	1.41E-03	1.59E-03	6.88E-03	1.20E-02	6.28E-03	1.37E-03	9.09E-03	1.20E-03	1.08E-03	1.02E-03	9.17E-04	2.37E-03	2.96E-03	4.48E-03	3.20E-03	8.93E-04	1.12E-03	1.21E-03	1.84E-03	1.70E-03	2.16E-03	1.87E-03	3.05E-03	5.04E-04	9.39E-04	2.16E-03	3.34E-03	1.77E-02	1.15E-02	2.38E-03	2.78E-02	2.66E-03	2.18E-03	1.10E-03	3.95E-03	6.45E-03	7.23E-03	3.47E-03	6.58E-03	2.44E-03	9.28E-04	8.04E-04	2.50E-03	2.11E-03	2.19E-03	1.92E-03	3.06E-03	1.17E-03	9.03E-04	1.90E-03	5.29E-03
SBS39	1.17E-02	7.15E-03	2.67E-03	7.40E-03	4.73E-02	2.25E-02	1.36E-02	4.34E-02	9.60E-03	4.04E-03	6.00E-03	1.28E-02	5.31E-03	2.88E-03	6.94E-03	6.12E-03	1.12E-02	5.64E-03	9.64E-03	1.36E-02	3.88E-03	2.97E-03	7.66E-03	6.42E-03	1.01E-02	9.06E-03	5.74E-03	6.03E-03	2.88E-02	3.77E-02	1.23E-02	4.02E-02	9.11E-03	3.86E-03	7.57E-03	6.99E-03	4.94E-03	6.44E-03	6.80E-03	8.27E-03	7.34E-03	7.91E-03	7.77E-03	8.59E-03	5.30E-03	7.39E-03	9.83E-03	4.94E-03	6.88E-03	6.95E-03	4.53E-03	5.89E-03	2.40E-02	2.13E-02	9.86E-03	3.24E-02	8.03E-03	4.50E-03	5.48E-03	8.61E-03	4.96E-03	3.52E-03	6.67E-03	4.09E-03	7.47E-03	6.89E-03	5.74E-03	7.51E-03	3.33E-03	5.80E-03	7.72E-03	5.94E-03	5.98E-03	7.86E-03	3.01E-03	6.55E-03	3.47E-02	3.67E-02	9.62E-03	5.07E-02	3.88E-03	5.28E-03	4.86E-03	4.23E-03	6.69E-03	3.69E-03	5.46E-03	1.07E-02	5.94E-03	6.44E-03	4.98E-03	9.48E-03	8.39E-03	5.08E-03	7.28E-03	1.09E-02
SBS40	2.82E-02	1.34E-02	2.92E-03	1.48E-02	1.22E-02	8.68E-03	2.25E-03	1.46E-02	1.97E-02	1.21E-02	2.67E-04	1.69E-02	6.10E-03	4.44E-03	6.93E-03	1.07E-02	1.87E-02	7.34E-03	1.55E-02	1.94E-02	7.23E-03	7.05E-03	8.06E-03	1.80E-02	2.08E-02	1.47E-02	2.54E-03	1.47E-02	7.56E-03	9.35E-03	1.68E-03	1.39E-02	1.96E-02	1.73E-02	2.36E-03	2.16E-02	1.09E-03	7.62E-03	3.46E-03	9.28E-03	1.09E-02	9.87E-03	1.05E-02	1.36E-02	3.35E-03	5.67E-03	5.59E-03	1.31E-02	1.42E-02	1.02E-02	2.55E-03	1.08E-02	5.06E-03	5.37E-03	1.19E-03	6.98E-03	1.43E-02	1.16E-02	3.93E-18	1.27E-02	2.65E-03	3.43E-03	4.41E-03	5.77E-03	6.01E-03	4.58E-03	5.65E-03	7.31E-03	2.49E-03	2.24E-03	4.45E-03	5.48E-03	2.60E-02	2.10E-02	3.17E-03	2.41E-02	1.25E-02	1.41E-02	1.74E-03	2.37E-02	3.00E-02	2.31E-02	2.12E-03	2.24E-02	7.13E-03	1.03E-02	5.02E-03	2.10E-02	1.02E-02	7.55E-03	6.01E-03	1.02E-02	8.46E-03	1.14E-02	8.66E-03	2.50E-02
SBS41	2.11E-03	1.22E-03	6.14E-05	1.33E-03	5.33E-03	3.16E-03	1.21E-03	8.27E-03	9.88E-03	3.36E-03	3.43E-03	6.35E-03	7.46E-03	4.30E-03	3.03E-03	6.96E-02	1.44E-02	5.79E-03	8.04E-03	1.77E-02	7.53E-03	1.64E-03	2.70E-03	7.61E-03	2.38E-03	9.19E-04	2.61E-04	2.65E-03	2.08E-03	1.20E-03	4.11E-04	5.03E-03	6.91E-03	1.85E-03	1.01E-02	7.73E-03	3.62E-03	3.19E-03	3.12E-03	9.01E-03	1.03E-02	5.25E-03	5.57E-03	7.87E-03	3.47E-03	2.41E-03	3.04E-03	1.05E-02	3.09E-03	7.23E-04	2.20E-04	1.95E-03	2.04E-03	2.69E-03	1.56E-04	3.56E-03	6.01E-03	8.64E-03	1.71E-02	8.41E-03	2.33E-03	2.29E-03	1.43E-03	4.52E-03	6.06E-03	3.74E-03	3.51E-03	3.89E-03	1.80E-03	9.50E-04	1.20E-03	3.47E-03	3.31E-03	1.72E-03	2.07E-04	5.90E-03	1.99E-02	1.42E-02	1.93E-03	4.46E-02	1.17E-02	6.47E-03	4.92E-03	1.15E-02	8.06E-02	1.43E-02	9.29E-03	5.35E-02	6.36E-02	2.68E-02	2.05E-02	4.61E-02	4.19E-02	1.55E-02	1.94E-02	8.79E-02
SBS42	1.16E-03	2.06E-02	3.34E-05	7.97E-03	4.06E-04	5.06E-04	1.77E-05	4.31E-04	2.24E-02	3.98E-02	4.40E-04	3.52E-02	1.33E-02	4.01E-03	5.01E-03	6.85E-03	1.16E-02	3.51E-03	8.56E-03	2.70E-03	1.20E-03	4.05E-04	6.37E-04	9.11E-04	1.16E-02	3.28E-02	1.88E-03	2.11E-02	4.26E-03	6.62E-03	4.70E-04	6.84E-03	1.87E-02	4.81E-02	1.92E-03	3.29E-02	1.26E-02	1.72E-03	1.49E-02	7.57E-03	3.54E-03	3.13E-03	3.56E-03	3.24E-03	8.70E-04	7.53E-04	5.68E-03	3.48E-03	7.71E-03	2.68E-02	1.06E-03	1.81E-02	2.40E-03	1.42E-03	2.23E-04	2.77E-03	3.36E-02	1.52E-01	4.55E-03	8.65E-02	1.20E-02	1.84E-03	7.77E-03	3.25E-03	5.82E-03	3.31E-03	3.21E-03	2.39E-03	1.14E-03	7.05E-05	4.10E-04	9.20E-04	5.10E-03	5.40E-02	9.04E-04	2.73E-02	5.59E-04	1.87E-03	2.07E-04	3.81E-04	4.82E-03	3.27E-02	3.64E-04	1.51E-02	8.50E-03	2.26E-03	5.33E-03	3.52E-03	6.82E-03	3.03E-03	3.41E-03	2.36E-03	1.15E-03	2.74E-04	2.93E-03	1.74E-03
SBS43	2.95E-02	5.90E-03	6.26E-04	2.07E-03	3.61E-04	3.13E-05	4.43E-03	3.54E-04	2.90E-05	1.28E-04	1.22E-03	9.10E-04	1.53E-02	3.78E-03	1.43E-03	4.28E-03	8.88E-06	3.13E-02	5.86E-04	8.80E-03	2.63E-03	4.07E-03	3.49E-02	5.64E-03	6.63E-03	8.20E-05	2.56E-05	5.22E-18	2.09E-05	2.12E-04	2.54E-03	8.53E-04	7.62E-06	4.35E-18	9.72E-05	7.44E-04	1.36E-03	1.21E-05	2.96E-04	2.03E-04	2.72E-03	1.05E-01	9.25E-03	9.45E-03	2.73E-03	7.26E-03	4.65E-02	6.26E-18	9.30E-03	1.69E-03	1.77E-04	1.39E-03	1.36E-02	1.52E-02	1.28E-02	1.80E-02	7.66E-04	4.10E-18	9.66E-06	1.86E-03	6.18E-03	1.33E-03	4.50E-03	1.31E-03	7.50E-18	2.19E-02	1.20E-03	5.18E-04	6.11E-02	7.56E-02	2.41E-01	7.46E-02	6.30E-03	5.37E-06	3.07E-18	6.52E-18	4.42E-06	1.03E-03	1.47E-03	2.51E-04	3.72E-05	5.06E-18	3.07E-18	8.36E-04	7.63E-05	9.38E-04	5.14E-05	8.77E-18	1.37E-04	3.59E-02	2.78E-05	1.84E-03	2.04E-04	8.25E-03	2.28E-02	1.32E-03
SBS44	7.68E-18	1.50E-04	9.16E-07	5.78E-03	3.18E-03	2.33E-04	3.14E-05	3.29E-03	8.99E-02	1.69E-02	1.43E-02	3.03E-02	4.78E-03	2.60E-03	1.08E-06	3.08E-02	1.93E-02	3.24E-03	2.72E-02	2.67E-04	2.40E-08	3.26E-05	7.47E-06	1.42E-03	2.84E-05	3.03E-02	3.74E-03	8.67E-02	5.36E-05	2.49E-05	7.68E-18	8.64E-05	3.57E-03	2.86E-03	1.55E-02	5.04E-03	1.24E-05	3.25E-03	5.82E-04	1.38E-05	1.46E-02	3.20E-03	3.38E-02	7.71E-03	2.34E-04	2.53E-03	3.47E-03	3.84E-04	7.68E-18	4.67E-03	6.05E-04	1.13E-02	2.19E-04	1.19E-03	7.68E-18	1.85E-03	9.55E-02	8.14E-02	4.96E-02	6.66E-02	1.16E-03	2.36E-03	2.21E-03	3.18E-03	2.70E-02	1.16E-03	1.73E-02	1.11E-02	7.68E-18	1.83E-05	1.03E-04	2.80E-03	8.53E-04	2.22E-03	3.15E-07	1.66E-02	6.73E-04	9.40E-06	7.68E-18	2.59E-03	1.40E-03	2.25E-03	7.68E-18	3.02E-03	6.96E-03	2.07E-05	5.02E-06	1.39E-02	1.99E-02	1.05E-02	1.91E-02	3.71E-02	7.68E-18	7.68E-18	9.17E-04	9.00E-03
SBS45	9.11E-03	2.85E-03	1.66E-03	9.64E-03	3.11E-03	1.93E-03	2.70E-04	1.43E-03	1.33E-03	6.01E-04	5.41E-03	1.22E-03	5.25E-04	4.97E-04	2.13E-03	6.05E-04	1.37E-03	4.18E-04	2.07E-03	1.46E-03	1.17E-04	5.84E-04	9.84E-04	1.66E-04	2.38E-01	1.51E-01	6.79E-02	1.94E-01	1.43E-03	8.00E-04	6.43E-04	1.91E-03	2.14E-03	5.07E-05	2.20E-03	2.73E-03	6.97E-04	1.04E-03	3.41E-03	1.34E-03	1.11E-03	2.87E-03	1.56E-03	6.02E-04	1.02E-04	2.81E-04	6.49E-04	7.28E-04	7.55E-03	5.73E-03	2.09E-03	6.99E-03	3.33E-04	1.01E-03	6.95E-04	9.32E-04	1.00E-03	9.33E-04	1.51E-03	1.99E-03	3.00E-04	6.38E-04	1.03E-03	5.10E-04	6.54E-04	5.70E-04	9.07E-04	1.39E-03	4.40E-04	5.20E-04	1.79E-04	4.96E-04	6.40E-02	6.42E-02	1.83E-02	6.20E-02	3.30E-03	2.01E-03	1.78E-04	3.29E-03	2.40E-03	2.02E-03	1.75E-03	2.95E-03	4.07E-04	2.62E-04	6.54E-04	1.39E-03	1.28E-03	1.10E-03	1.24E-03	5.45E-04	2.85E-04	1.35E-04	7.08E-04	7.24E-04
SBS46	4.40E-03	4.70E-03	3.00E-04	3.40E-03	1.20E-03	1.50E-03	0.00E+00	2.20E-03	1.52E-02	8.90E-03	4.60E-03	6.80E-03	2.70E-03	1.80E-03	5.00E-04	2.00E-03	1.85E-02	4.78E-02	3.29E-02	3.06E-02	1.00E-04	8.00E-04	1.60E-03	6.00E-04	1.56E-02	7.20E-03	4.50E-03	8.30E-03	5.00E-04	3.00E-04	1.00E-04	1.50E-03	2.84E-02	1.33E-02	8.30E-03	6.40E-03	4.20E-03	3.30E-03	4.30E-03	3.60E-03	2.23E-02	8.34E-02	5.04E-02	9.58E-02	0.00E+00	1.80E-03	1.60E-03	2.00E-03	7.20E-03	3.00E-03	4.00E-04	2.40E-03	1.00E-04	8.00E-04	0.00E+00	6.00E-04	1.26E-02	4.50E-03	1.50E-03	4.00E-03	6.10E-03	1.00E-03	2.40E-03	1.20E-03	2.21E-02	5.76E-02	3.53E-02	6.07E-02	0.00E+00	1.00E-04	1.20E-03	6.00E-04	1.23E-02	7.10E-03	2.50E-03	3.00E-03	2.80E-03	2.40E-03	1.00E-04	4.90E-03	1.85E-02	1.26E-02	3.70E-03	4.40E-03	4.50E-03	4.30E-03	5.00E-04	3.40E-03	9.30E-03	5.43E-02	2.37E-02	3.65E-02	7.00E-04	1.00E-03	9.00E-04	1.00E-03
SBS47	6.78E-02	2.97E-02	1.38E-03	1.19E-02	1.03E-03	6.17E-04	3.28E-04	1.72E-03	4.27E-03	9.40E-04	3.05E-03	2.49E-03	1.38E-01	7.16E-03	7.45E-03	6.76E-02	2.83E-03	5.67E-03	2.09E-03	1.30E-03	1.71E-04	1.72E-03	3.68E-03	8.08E-03	2.46E-02	5.27E-03	2.71E-04	6.82E-04	9.56E-04	2.37E-04	6.70E-04	1.37E-04	8.64E-04	4.61E-03	1.52E-03	3.00E-03	1.40E-02	5.71E-04	5.82E-05	7.60E-05	1.91E-03	6.28E-03	3.10E-03	5.45E-03	1.37E-04	5.15E-05	3.67E-03	1.07E-04	1.11E-02	3.48E-03	7.83E-04	1.41E-03	1.68E-03	2.28E-03	4.65E-04	2.22E-03	1.06E-03	1.71E-03	1.72E-03	4.04E-03	1.60E-02	2.28E-04	1.31E-05	3.28E-06	4.17E-04	1.09E-03	3.10E-03	3.19E-03	2.20E-02	1.04E-02	2.72E-02	8.84E-02	1.69E-02	8.11E-05	2.39E-05	1.92E-04	1.38E-04	1.19E-03	0.00E+00	9.24E-04	7.24E-03	3.71E-02	1.94E-03	8.09E-02	1.56E-01	1.23E-05	4.52E-04	4.35E-03	1.37E-03	1.75E-02	1.58E-03	1.15E-02	2.41E-03	2.25E-05	1.54E-03	3.62E-03
SBS48	8.55E-04	8.41E-04	2.58E-04	3.89E-05	1.98E-04	1.14E-04	8.03E-05	6.86E-04	2.87E-04	4.38E-04	1.21E-03	2.35E-04	6.60E-04	2.66E-04	4.65E-04	6.75E-04	1.10E-03	1.89E-04	2.85E-04	1.11E-03	5.17E-04	4.10E-05	3.51E-04	1.99E-04	1.18E-03	3.57E-05	1.37E-01	8.45E-04	9.93E-05	1.22E-04	3.63E-05	2.45E-04	1.82E-05	3.01E-04	1.87E-05	4.79E-04	8.62E-05	1.02E-04	3.10E-04	3.62E-04	1.45E-04	4.50E-04	3.21E-05	6.77E-05	1.34E-04	9.28E-05	1.04E-04	6.57E-05	7.52E-04	3.46E-04	7.39E-04	1.99E-05	7.84E-05	2.17E-04	4.31E-05	6.53E-05	3.45E-04	7.39E-06	3.03E-04	1.10E-04	1.30E-04	1.24E-04	1.43E-04	2.31E-04	1.57E-04	1.29E-04	4.67E-05	1.10E-04	7.64E-06	1.35E-04	6.63E-05	1.15E-05	1.24E-01	3.79E-03	7.09E-01	1.87E-04	1.37E-04	3.50E-04	2.82E-05	1.48E-04	2.14E-04	3.17E-04	4.02E-04	5.85E-06	2.35E-05	7.64E-06	8.32E-06	4.26E-04	6.05E-04	4.04E-04	2.97E-04	5.32E-04	2.50E-04	2.22E-04	3.50E-04	3.20E-07
SBS49	2.51E-02	7.03E-03	7.11E-03	7.97E-03	2.88E-04	1.35E-04	2.04E-04	1.76E-04	5.75E-04	3.03E-04	2.01E-03	4.15E-04	1.29E-04	7.78E-05	2.41E-04	3.54E-04	6.13E-04	8.14E-05	2.00E-04	4.82E-04	1.96E-04	8.28E-05	1.26E-04	1.26E-04	2.29E-01	2.86E-02	5.15E-01	4.90E-02	2.16E-04	2.56E-04	2.38E-04	1.91E-04	4.70E-04	4.93E-04	1.38E-03	5.19E-04	7.41E-05	5.14E-05	2.32E-04	1.06E-04	1.21E-04	1.78E-04	1.08E-04	9.74E-05	1.06E-04	2.67E-05	1.12E-04	9.29E-05	7.88E-03	2.48E-03	6.83E-03	5.84E-03	1.52E-04	1.10E-04	3.67E-05	2.08E-04	1.84E-04	1.18E-04	1.04E-03	3.08E-04	5.04E-05	9.10E-05	1.10E-04	1.31E-04	6.59E-05	1.51E-04	6.53E-05	1.75E-04	6.61E-05	4.37E-05	1.47E-04	1.02E-04	3.29E-02	5.11E-03	4.05E-02	8.75E-03	4.80E-05	1.53E-04	6.33E-05	5.44E-04	1.87E-04	5.82E-04	9.34E-04	3.12E-04	4.20E-04	5.70E-05	7.53E-05	3.31E-04	1.73E-04	8.47E-05	6.31E-05	2.08E-04	1.50E-04	1.38E-04	1.12E-04	3.64E-04
SBS50	1.19E-01	1.27E-01	5.77E-03	8.32E-02	3.85E-03	1.10E-03	8.27E-04	1.97E-03	3.52E-03	1.80E-03	1.39E-02	6.92E-03	5.36E-03	3.94E-03	5.73E-04	2.41E-03	2.63E-03	9.28E-03	1.13E-03	4.92E-03	7.43E-04	6.07E-04	3.94E-03	1.03E-04	2.25E-02	2.89E-03	5.18E-18	1.15E-03	6.56E-05	2.89E-04	1.42E-03	5.12E-04	3.84E-03	4.25E-03	1.08E-03	1.19E-02	1.93E-04	5.35E-04	5.16E-04	2.09E-04	8.39E-04	1.77E-02	2.42E-03	1.38E-03	8.94E-04	6.18E-05	3.66E-03	4.71E-04	1.42E-02	7.58E-03	2.44E-04	2.04E-03	2.67E-02	3.30E-02	2.80E-03	1.43E-02	2.42E-03	1.58E-03	5.50E-03	1.63E-02	7.32E-04	1.05E-03	1.99E-04	7.86E-04	1.38E-03	5.38E-03	3.71E-03	1.17E-03	8.67E-03	9.59E-03	3.51E-02	3.65E-02	1.90E-02	8.86E-04	4.19E-05	1.85E-03	9.32E-04	4.93E-04	1.03E-04	4.21E-04	1.94E-02	1.04E-01	3.97E-03	8.18E-02	1.69E-03	6.64E-04	7.54E-05	2.95E-03	1.09E-03	2.90E-02	1.02E-03	5.11E-03	3.27E-04	6.55E-04	8.72E-03	1.60E-03
SBS51	1.41E-01	1.69E-03	4.80E-03	2.12E-02	3.96E-03	4.54E-03	1.97E-03	9.00E-04	3.58E-02	5.65E-03	5.65E-03	3.20E-03	1.13E-01	1.35E-03	3.68E-02	2.95E-02	2.59E-03	1.93E-02	3.95E-03	1.87E-03	7.23E-04	4.09E-03	2.78E-02	2.13E-03	6.98E-03	3.17E-03	4.30E-03	5.07E-03	2.85E-03	1.20E-04	2.03E-03	2.61E-03	3.23E-03	4.70E-03	2.07E-02	4.06E-03	6.11E-03	1.49E-03	6.52E-03	3.62E-03	4.18E-03	7.11E-02	2.93E-03	6.64E-03	2.78E-03	2.56E-03	5.93E-03	2.30E-03	3.94E-03	3.28E-03	4.28E-03	3.45E-03	3.41E-03	1.14E-03	2.67E-04	2.85E-03	4.47E-03	3.09E-03	4.28E-03	5.95E-03	2.04E-02	3.85E-03	4.29E-03	1.46E-04	1.18E-03	2.27E-03	4.56E-03	4.01E-03	2.19E-03	5.30E-03	7.62E-02	2.09E-03	3.57E-02	2.86E-03	4.54E-03	3.70E-04	2.05E-03	3.61E-03	2.16E-03	3.33E-03	1.70E-03	1.77E-03	6.49E-03	4.24E-02	2.01E-02	2.58E-03	4.03E-03	6.38E-03	4.46E-03	3.93E-03	2.47E-03	2.13E-02	2.55E-03	3.47E-03	2.76E-03	2.91E-03
SBS52	1.52E-02	6.54E-03	4.14E-03	9.24E-03	1.73E-03	1.52E-03	8.18E-04	1.71E-03	2.69E-03	2.10E-03	4.08E-03	1.76E-03	1.77E-03	1.18E-03	1.19E-03	1.19E-03	3.75E-03	1.88E-03	2.62E-03	4.92E-03	1.73E-03	5.29E-04	1.19E-03	1.86E-03	5.74E-02	1.90E-02	1.36E-02	1.88E-02	1.18E-03	8.35E-04	5.68E-04	1.20E-03	3.27E-03	1.82E-03	2.38E-03	2.57E-03	1.22E-03	2.31E-04	1.23E-03	8.56E-04	2.39E-03	1.31E-03	1.23E-03	2.34E-03	8.03E-04	7.75E-04	7.96E-04	8.63E-04	8.24E-03	7.32E-03	4.04E-03	4.21E-03	1.38E-03	1.45E-03	1.01E-03	1.02E-03	1.78E-03	1.22E-03	2.83E-03	1.02E-03	5.24E-04	3.99E-04	1.29E-03	8.11E-04	2.42E-03	2.05E-03	9.14E-04	3.11E-03	1.13E-03	5.61E-04	1.37E-03	8.64E-04	4.64E-01	4.68E-02	1.34E-01	6.10E-02	1.98E-03	1.44E-03	5.81E-04	2.42E-03	1.47E-03	1.53E-03	2.19E-03	1.65E-03	1.05E-03	4.69E-04	7.78E-04	1.34E-03	2.77E-03	2.18E-03	1.07E-03	2.00E-03	1.43E-03	1.12E-03	1.48E-03	2.53E-03
SBS53	5.38E-03	1.96E-03	3.81E-02	1.71E-05	7.03E-03	5.46E-03	2.51E-03	3.04E-03	7.22E-03	1.96E-03	6.95E-03	1.94E-03	5.89E-03	2.59E-03	2.87E-03	4.63E-03	1.13E-02	3.70E-03	8.25E-03	7.18E-03	4.59E-03	2.90E-03	5.06E-03	2.06E-03	3.34E-01	3.55E-03	6.77E-02	4.92E-03	2.72E-03	6.03E-03	1.62E-03	5.08E-04	1.46E-02	4.60E-03	1.37E-02	1.60E-02	3.69E-03	4.50E-03	3.30E-03	8.61E-03	1.01E-02	4.07E-03	8.49E-03	5.42E-03	1.49E-03	4.24E-03	2.98E-03	2.72E-03	4.32E-04	3.44E-03	5.08E-02	1.14E-03	1.38E-03	8.47E-02	3.00E-03	5.73E-04	9.18E-03	1.19E-02	5.99E-03	3.10E-03	4.45E-03	2.70E-03	3.96E-03	3.11E-03	5.61E-03	6.68E-03	2.56E-03	6.99E-03	4.38E-03	1.74E-03	4.73E-03	2.03E-03	2.67E-03	3.64E-03	4.47E-04	8.71E-04	3.74E-03	4.99E-03	1.87E-03	3.74E-03	5.73E-03	5.77E-03	1.02E-02	7.71E-03	3.10E-03	3.56E-03	1.60E-03	5.08E-03	7.11E-03	5.03E-03	4.72E-03	2.19E-03	1.30E-03	4.36E-03	6.15E-03	7.05E-03
SBS54	2.16E-03	7.96E-04	1.64E-03	4.14E-04	1.55E-03	4.96E-04	1.70E-03	5.18E-03	1.48E-03	5.29E-04	3.43E-04	4.99E-03	9.56E-04	3.19E-03	4.23E-03	3.01E-04	2.92E-02	7.75E-03	2.02E-01	7.83E-03	3.87E-05	1.58E-03	1.15E-03	3.40E-04	6.32E-05	2.57E-03	5.93E-03	5.53E-03	1.13E-03	8.83E-04	4.34E-04	1.33E-03	3.37E-03	2.26E-04	2.83E-02	3.71E-03	7.45E-18	7.32E-04	1.92E-03	6.66E-05	1.14E-02	1.70E-02	1.93E-01	2.69E-02	4.36E-03	1.89E-02	2.21E-02	8.86E-04	5.19E-03	9.13E-03	5.64E-03	6.73E-03	2.19E-03	2.20E-04	1.59E-03	4.94E-03	2.22E-04	1.31E-02	1.91E-02	2.48E-04	2.33E-03	8.99E-03	2.64E-03	1.85E-03	1.14E-02	4.43E-03	1.21E-01	5.41E-03	1.70E-04	1.53E-03	7.45E-18	1.21E-05	6.69E-04	4.05E-05	8.28E-04	7.20E-03	4.69E-03	5.17E-04	1.23E-03	3.11E-04	7.45E-18	6.61E-04	1.19E-13	2.36E-04	1.55E-03	1.79E-04	3.29E-04	7.45E-18	4.73E-03	8.19E-03	8.84E-02	1.25E-02	3.24E-05	7.06E-04	7.69E-03	4.99E-04
SBS55	5.88E-03	2.05E-03	4.49E-05	1.17E-03	2.85E-03	1.68E-04	5.10E-04	1.27E-03	5.11E-03	2.33E-04	5.32E-03	7.76E-04	4.26E-03	6.18E-04	8.10E-03	3.92E-03	4.35E-03	3.36E-06	4.02E-03	1.37E-02	2.62E-04	9.20E-04	1.45E-01	2.28E-03	6.25E-03	3.75E-03	6.41E-04	2.84E-05	2.94E-03	2.86E-03	2.64E-04	3.31E-03	7.25E-03	4.00E-03	6.59E-05	7.19E-04	7.39E-05	1.10E-06	1.60E-02	5.23E-03	4.18E-03	4.98E-03	9.49E-04	6.84E-04	1.65E-03	4.66E-04	1.13E-01	1.18E-03	8.55E-04	1.92E-04	7.72E-05	7.38E-04	8.51E-04	1.41E-03	5.72E-03	6.82E-05	6.50E-03	1.51E-03	1.19E-02	5.29E-03	2.43E-03	1.85E-04	1.25E-02	5.12E-03	2.61E-03	3.17E-03	6.01E-03	1.26E-02	5.67E-03	3.20E-03	2.99E-01	1.44E-03	1.74E-03	8.28E-18	9.91E-05	4.06E-03	7.06E-03	3.28E-03	2.29E-04	2.11E-03	5.82E-11	4.11E-03	4.81E-03	3.14E-02	3.61E-03	6.95E-05	9.48E-03	2.10E-03	4.88E-03	9.80E-04	4.16E-03	8.87E-04	6.06E-03	5.65E-03	7.95E-02	4.12E-02
SBS56	1.26E-02	1.57E-02	2.06E-04	2.30E-02	4.18E-04	1.66E-04	4.28E-04	1.23E-04	7.40E-03	9.82E-04	1.52E-03	2.84E-03	5.05E-06	4.29E-03	5.13E-04	2.90E-02	1.25E-02	6.16E-03	9.55E-03	1.24E-02	1.21E-04	7.99E-18	1.27E-05	5.75E-03	2.48E-03	6.68E-03	6.72E-18	7.13E-02	2.04E-04	2.25E-04	6.66E-05	7.69E-04	2.98E-04	5.31E-04	7.95E-03	5.08E-04	1.19E-03	9.74E-04	1.59E-03	6.09E-06	3.37E-03	2.64E-03	4.81E-04	2.06E-04	5.82E-03	3.93E-07	4.45E-03	6.78E-18	2.17E-04	7.34E-03	9.79E-06	1.57E-02	1.87E-04	9.83E-05	5.62E-06	1.75E-06	9.49E-06	5.06E-04	2.06E-03	8.30E-04	4.20E-04	2.37E-03	4.36E-04	5.37E-03	7.30E-04	2.73E-05	1.65E-03	2.58E-03	6.72E-18	9.19E-07	6.72E-18	1.14E-04	2.19E-01	1.32E-02	5.46E-03	4.02E-01	1.13E-03	2.94E-04	8.39E-05	4.11E-04	2.00E-04	1.84E-04	1.54E-04	8.20E-05	9.42E-03	8.05E-04	6.36E-03	7.44E-04	5.68E-04	1.32E-03	1.85E-03	2.85E-04	9.46E-03	1.00E-06	1.01E-04	2.90E-02
SBS57	1.23E-02	1.43E-03	3.33E-03	8.64E-03	1.54E-02	3.13E-03	2.77E-03	5.07E-03	3.26E-02	1.29E-02	1.76E-02	1.54E-02	3.28E-03	6.43E-03	5.80E-03	6.31E-03	2.66E-02	9.66E-03	1.03E-02	1.79E-02	7.06E-03	7.89E-04	1.23E-03	5.97E-03	8.70E-03	3.94E-03	1.07E-03	8.21E-03	8.88E-04	2.87E-03	7.63E-04	2.87E-03	1.49E-02	1.21E-02	6.40E-03	3.20E-02	6.39E-03	6.59E-03	1.29E-03	1.07E-02	1.20E-02	4.56E-03	8.30E-03	2.43E-02	1.40E-04	8.47E-04	2.19E-03	5.16E-03	1.89E-03	7.52E-04	6.57E-18	1.95E-03	3.79E-03	2.57E-03	1.86E-03	4.36E-04	5.14E-03	6.93E-03	8.44E-03	6.18E-03	3.33E-03	5.97E-04	2.46E-03	7.93E-03	3.86E-03	2.29E-03	4.72E-03	5.36E-03	1.40E-03	1.71E-04	8.61E-04	2.83E-03	1.43E-02	7.09E-04	2.23E-04	6.19E-03	2.28E-03	2.80E-03	1.33E-03	1.29E-02	8.14E-03	1.73E-02	4.60E-03	3.72E-02	3.02E-03	9.23E-03	4.40E-03	2.89E-02	4.90E-03	2.67E-02	2.96E-03	1.95E-01	3.22E-03	3.96E-03	5.40E-03	1.19E-01
SBS58	5.89E-02	6.75E-03	8.25E-04	5.58E-03	2.06E-02	1.74E-03	1.69E-03	2.03E-03	8.05E-02	6.76E-03	8.63E-03	7.31E-03	2.45E-02	1.46E-03	4.69E-03	8.77E-03	8.05E-02	4.93E-03	6.75E-03	8.16E-03	1.35E-02	7.88E-04	2.71E-03	2.08E-03	6.18E-03	1.83E-03	1.46E-03	1.96E-03	7.94E-04	1.28E-03	5.11E-05	1.25E-03	8.09E-03	9.92E-03	7.99E-03	2.77E-02	2.48E-03	2.23E-02	8.58E-04	1.30E-03	3.92E-03	9.50E-03	5.93E-03	2.82E-02	5.03E-04	1.04E-03	6.99E-04	4.73E-04	2.74E-03	1.08E-03	2.73E-03	3.50E-04	2.12E-03	1.49E-03	1.71E-03	1.08E-03	6.78E-03	3.15E-03	7.36E-03	5.03E-03	2.07E-03	6.26E-04	2.04E-02	2.77E-03	2.18E-03	7.80E-04	1.11E-02	2.02E-03	8.07E-03	2.69E-03	2.34E-02	1.69E-02	7.37E-03	4.29E-04	2.73E-03	1.47E-02	2.13E-03	1.80E-03	6.30E-04	1.81E-02	4.29E-03	1.53E-02	3.34E-03	1.79E-01	1.19E-02	8.98E-04	8.29E-04	1.46E-02	3.31E-03	1.96E-02	2.16E-03	3.20E-02	7.98E-04	1.59E-03	6.74E-03	2.17E-02
SBS59	3.59E-03	2.37E-03	1.42E-04	1.45E-02	2.94E-03	2.44E-03	8.30E-04	3.83E-03	3.92E-03	2.86E-03	2.56E-03	3.39E-03	2.00E-03	2.50E-03	2.19E-03	2.80E-03	9.95E-03	2.61E-03	3.52E-03	1.08E-02	1.79E-03	1.56E-03	1.70E-03	3.44E-03	2.23E-03	5.93E-03	8.15E-04	2.02E-03	2.08E-03	1.73E-03	6.90E-04	3.46E-03	2.87E-03	4.09E-04	1.10E-03	2.42E-03	7.03E-05	1.64E-03	1.39E-04	3.71E-03	2.20E-03	5.73E-03	1.64E-03	1.22E-02	1.01E-03	2.62E-03	2.02E-03	2.12E-02	1.03E-01	1.29E-01	1.21E-02	4.99E-01	1.44E-03	1.72E-03	3.59E-04	2.26E-03	2.44E-03	2.35E-03	3.24E-18	2.96E-03	2.55E-04	1.98E-03	5.05E-04	1.51E-03	7.10E-04	3.18E-03	9.86E-04	1.19E-03	1.23E-03	1.65E-03	2.29E-03	7.45E-03	2.37E-05	2.02E-02	6.34E-04	3.83E-03	2.35E-06	2.09E-03	4.05E-04	1.52E-03	1.61E-04	2.80E-04	4.54E-18	2.09E-03	2.09E-03	1.86E-03	4.53E-04	2.99E-03	2.05E-03	2.24E-03	1.35E-03	2.61E-03	1.60E-03	2.33E-03	1.96E-03	1.30E-17
SBS60	6.15E-03	7.79E-04	2.23E-16	4.44E-04	3.77E-04	5.88E-04	2.76E-04	2.50E-04	2.76E-03	1.34E-03	4.21E-03	2.98E-04	3.97E-03	2.23E-04	3.52E-04	7.28E-04	1.29E-03	2.77E-04	3.52E-06	3.63E-05	2.50E-02	1.05E-02	2.61E-02	1.64E-02	1.18E-03	2.53E-04	3.79E-04	5.41E-05	4.71E-05	1.42E-04	3.37E-04	1.46E-04	1.52E-03	1.88E-03	4.06E-03	2.51E-03	6.64E-05	5.14E-04	3.81E-07	1.32E-04	8.79E-04	2.79E-03	5.80E-04	2.10E-03	3.23E-03	4.16E-03	7.11E-03	1.80E-05	5.17E-04	8.66E-04	3.90E-04	1.33E-04	1.63E-04	1.35E-04	2.02E-04	6.43E-05	1.24E-03	1.44E-03	3.36E-03	8.94E-04	1.09E-04	1.10E-04	3.60E-04	6.37E-04	7.61E-04	6.35E-04	5.00E-04	6.96E-04	2.82E-02	2.88E-02	6.62E-01	4.74E-02	2.02E-03	1.63E-04	2.05E-04	4.06E-04	5.29E-04	3.48E-04	6.59E-05	7.61E-04	4.07E-05	9.58E-04	1.73E-03	3.91E-03	1.13E-03	2.23E-16	4.24E-05	5.30E-04	2.40E-04	1.09E-03	1.09E-04	1.32E-03	1.61E-03	1.06E-02	2.39E-02	3.18E-02
